date,trend_position,vol_position,price,position
2018-01-01,0,0,13657.2001953125,0
2018-01-02,0,0,14982.099609375,0
2018-01-03,0,1,15201.0,0
2018-01-04,0,1,15599.2001953125,0
2018-01-05,0,1,17429.5,0
2018-01-06,0,1,17527.0,0
2018-01-07,0,1,16477.599609375,0
2018-01-08,0,1,15170.099609375,0
2018-01-09,0,1,14595.400390625,0
2018-01-10,0,1,14973.2998046875,0
2018-01-11,0,1,13405.7998046875,0
2018-01-12,0,0,13980.599609375,0
2018-01-13,0,0,14360.2001953125,0
2018-01-14,0,0,13772.0,0
2018-01-15,0,0,13819.7998046875,0
2018-01-16,0,0,11490.5,0
2018-01-17,0,0,11188.599609375,0
2018-01-18,0,0,11474.900390625,0
2018-01-19,0,0,11607.400390625,0
2018-01-20,0,0,12899.2001953125,0
2018-01-21,0,0,11600.099609375,0
2018-01-22,0,0,10931.400390625,0
2018-01-23,0,0,10868.400390625,0
2018-01-24,0,0,11359.400390625,0
2018-01-25,0,0,11259.400390625,0
2018-01-26,0,0,11171.400390625,0
2018-01-27,0,0,11440.7001953125,0
2018-01-28,0,0,11786.2998046875,0
2018-01-29,0,0,11296.400390625,0
2018-01-30,0,0,10106.2998046875,0
2018-01-31,0,0,10221.099609375,0
2018-02-01,0,0,9170.5400390625,0
2018-02-02,0,0,8830.75,0
2018-02-03,0,0,9174.91015625,0
2018-02-04,0,0,8277.009765625,0
2018-02-05,0,0,6955.27001953125,0
2018-02-06,0,0,7754.0,0
2018-02-07,0,0,7621.2998046875,0
2018-02-08,0,0,8265.58984375,0
2018-02-09,0,0,8736.98046875,0
2018-02-10,0,0,8621.900390625,0
2018-02-11,0,0,8129.97021484375,0
2018-02-12,0,0,8926.5703125,0
2018-02-13,1,1,8598.3095703125,1
2018-02-14,1,1,9494.6298828125,1
2018-02-15,0,1,10166.400390625,0
2018-02-16,0,1,10233.900390625,0
2018-02-17,0,1,11112.7001953125,0
2018-02-18,0,1,10551.7998046875,0
2018-02-19,1,1,11225.2998046875,1
2018-02-20,0,1,11403.7001953125,0
2018-02-21,0,1,10690.400390625,0
2018-02-22,0,1,10005.0,0
2018-02-23,0,1,10301.099609375,0
2018-02-24,0,1,9813.0703125,0
2018-02-25,0,1,9664.73046875,0
2018-02-26,0,1,10366.7001953125,0
2018-02-27,0,1,10725.599609375,0
2018-02-28,0,1,10397.900390625,0
2018-03-01,0,1,10951.0,0
2018-03-02,0,1,11086.400390625,0
2018-03-03,1,1,11489.7001953125,1
2018-03-04,1,1,11512.599609375,1
2018-03-05,1,1,11573.2998046875,1
2018-03-06,1,1,10779.900390625,1
2018-03-07,1,1,9965.5703125,1
2018-03-08,1,1,9395.009765625,1
2018-03-09,1,1,9337.5498046875,1
2018-03-10,1,0,8866.0,0
2018-03-11,1,0,9578.6298828125,0
2018-03-12,1,0,9205.1201171875,0
2018-03-13,1,0,9194.849609375,0
2018-03-14,1,0,8269.8095703125,0
2018-03-15,1,0,8300.8603515625,0
2018-03-16,1,0,8338.349609375,0
2018-03-17,0,0,7916.8798828125,0
2018-03-18,0,0,8223.6796875,0
2018-03-19,0,0,8630.650390625,0
2018-03-20,0,0,8913.4697265625,0
2018-03-21,0,0,8929.2802734375,0
2018-03-22,0,0,8728.4697265625,0
2018-03-23,0,0,8879.6201171875,0
2018-03-24,0,0,8668.1201171875,0
2018-03-25,0,0,8495.7802734375,0
2018-03-26,0,0,8209.400390625,0
2018-03-27,0,0,7833.0400390625,0
2018-03-28,0,0,7954.47998046875,0
2018-03-29,0,0,7165.7001953125,0
2018-03-30,0,0,6890.52001953125,0
2018-03-31,0,0,6973.52978515625,0
2018-04-01,0,0,6844.22998046875,0
2018-04-02,0,0,7083.7998046875,0
2018-04-03,0,0,7456.10986328125,0
2018-04-04,0,0,6853.83984375,0
2018-04-05,0,0,6811.47021484375,0
2018-04-06,0,0,6636.31982421875,0
2018-04-07,0,0,6911.08984375,0
2018-04-08,0,0,7023.52001953125,0
2018-04-09,0,0,6770.72998046875,0
2018-04-10,0,0,6834.759765625,0
2018-04-11,1,1,6968.31982421875,1
2018-04-12,1,1,7889.25,1
2018-04-13,0,1,7895.9599609375,0
2018-04-14,0,1,7986.240234375,0
2018-04-15,-1,1,8329.1103515625,0
2018-04-16,-1,1,8058.669921875,0
2018-04-17,-1,1,7902.08984375,0
2018-04-18,-1,1,8163.419921875,0
2018-04-19,-1,1,8294.3095703125,0
2018-04-20,-1,1,8845.830078125,0
2018-04-21,-1,1,8895.580078125,0
2018-04-22,-1,1,8802.4599609375,0
2018-04-23,-1,1,8930.8798828125,0
2018-04-24,1,1,9697.5,1
2018-04-25,-1,1,8845.740234375,0
2018-04-26,1,1,9281.509765625,1
2018-04-27,1,1,8987.0498046875,1
2018-04-28,1,1,9348.48046875,1
2018-04-29,1,1,9419.080078125,1
2018-04-30,1,1,9240.5498046875,1
2018-05-01,1,1,9119.009765625,1
2018-05-02,1,1,9235.919921875,1
2018-05-03,1,1,9743.8603515625,1
2018-05-04,1,1,9700.759765625,1
2018-05-05,1,1,9858.150390625,1
2018-05-06,1,1,9654.7998046875,1
2018-05-07,1,1,9373.009765625,1
2018-05-08,1,1,9234.8203125,1
2018-05-09,1,1,9325.1796875,1
2018-05-10,1,1,9043.9404296875,1
2018-05-11,0,0,8441.490234375,0
2018-05-12,1,0,8504.8896484375,0
2018-05-13,0,0,8723.9404296875,0
2018-05-14,1,0,8716.7900390625,0
2018-05-15,1,0,8510.3798828125,0
2018-05-16,1,0,8368.830078125,0
2018-05-17,1,0,8094.31982421875,0
2018-05-18,1,0,8250.9697265625,0
2018-05-19,1,0,8247.1796875,0
2018-05-20,1,0,8513.25,0
2018-05-21,1,0,8418.990234375,0
2018-05-22,0,0,8041.77978515625,0
2018-05-23,0,0,7557.81982421875,0
2018-05-24,0,0,7587.33984375,0
2018-05-25,0,0,7480.14013671875,0
2018-05-26,0,0,7355.8798828125,0
2018-05-27,0,0,7368.22021484375,0
2018-05-28,0,0,7135.990234375,0
2018-05-29,0,0,7472.58984375,0
2018-05-30,0,0,7406.52001953125,0
2018-05-31,0,0,7494.169921875,0
2018-06-01,0,0,7541.4501953125,0
2018-06-02,0,0,7643.4501953125,0
2018-06-03,0,0,7720.25,0
2018-06-04,0,0,7514.47021484375,0
2018-06-05,0,0,7633.759765625,0
2018-06-06,1,1,7653.97998046875,1
2018-06-07,1,1,7678.240234375,1
2018-06-08,1,1,7624.919921875,1
2018-06-09,1,1,7531.97998046875,1
2018-06-10,1,1,6786.02001953125,1
2018-06-11,1,1,6906.919921875,1
2018-06-12,0,0,6582.35986328125,0
2018-06-13,0,0,6349.89990234375,0
2018-06-14,0,0,6675.35009765625,0
2018-06-15,0,0,6456.580078125,0
2018-06-16,0,0,6550.16015625,0
2018-06-17,0,0,6499.27001953125,0
2018-06-18,0,0,6734.81982421875,0
2018-06-19,0,0,6769.93994140625,0
2018-06-20,0,0,6776.5498046875,0
2018-06-21,1,1,6729.740234375,1
2018-06-22,1,1,6083.68994140625,1
2018-06-23,0,0,6162.47998046875,0
2018-06-24,0,0,6173.22998046875,0
2018-06-25,0,0,6249.18017578125,0
2018-06-26,0,0,6093.669921875,0
2018-06-27,0,0,6157.1298828125,0
2018-06-28,0,0,5903.43994140625,0
2018-06-29,0,0,6218.2998046875,0
2018-06-30,0,0,6404.0,0
2018-07-01,1,1,6385.81982421875,1
2018-07-02,1,1,6614.18017578125,1
2018-07-03,1,1,6529.58984375,1
2018-07-04,1,1,6597.5498046875,1
2018-07-05,1,1,6639.14013671875,1
2018-07-06,1,1,6673.5,1
2018-07-07,1,1,6856.93017578125,1
2018-07-08,1,1,6773.8798828125,1
2018-07-09,1,1,6741.75,1
2018-07-10,0,1,6329.9501953125,0
2018-07-11,1,1,6394.7099609375,1
2018-07-12,0,1,6228.81005859375,0
2018-07-13,0,1,6238.0498046875,0
2018-07-14,1,1,6276.1201171875,1
2018-07-15,0,1,6359.64013671875,0
2018-07-16,0,1,6741.75,0
2018-07-17,1,1,7321.0400390625,1
2018-07-18,1,1,7370.77978515625,1
2018-07-19,1,1,7466.85986328125,1
2018-07-20,1,1,7354.1298828125,1
2018-07-21,1,1,7419.2900390625,1
2018-07-22,1,1,7418.490234375,1
2018-07-23,1,1,7711.10986328125,1
2018-07-24,1,1,8424.26953125,1
2018-07-25,1,1,8181.39013671875,1
2018-07-26,1,1,7951.580078125,1
2018-07-27,1,1,8165.009765625,1
2018-07-28,1,1,8192.150390625,1
2018-07-29,1,1,8218.4599609375,1
2018-07-30,1,1,8180.47998046875,1
2018-07-31,1,1,7780.43994140625,1
2018-08-01,1,1,7624.91015625,1
2018-08-02,1,1,7567.14990234375,1
2018-08-03,1,1,7434.39013671875,1
2018-08-04,0,0,7032.85009765625,0
2018-08-05,0,0,7068.47998046875,0
2018-08-06,0,0,6951.7998046875,0
2018-08-07,0,0,6753.1201171875,0
2018-08-08,1,0,6305.7998046875,0
2018-08-09,1,0,6568.22998046875,0
2018-08-10,1,0,6184.7099609375,0
2018-08-11,1,0,6295.72998046875,0
2018-08-12,1,0,6322.68994140625,0
2018-08-13,1,0,6297.56982421875,0
2018-08-14,1,0,6199.7099609375,0
2018-08-15,1,0,6308.52001953125,0
2018-08-16,0,0,6334.72998046875,0
2018-08-17,0,0,6580.6298828125,0
2018-08-18,0,0,6423.759765625,0
2018-08-19,0,0,6506.06982421875,0
2018-08-20,0,0,6308.52978515625,0
2018-08-21,0,0,6488.759765625,0
2018-08-22,0,0,6376.7099609375,0
2018-08-23,0,0,6534.8798828125,0
2018-08-24,0,0,6719.9599609375,0
2018-08-25,1,1,6763.18994140625,1
2018-08-26,1,1,6707.259765625,1
2018-08-27,1,1,6884.64013671875,1
2018-08-28,1,1,7096.27978515625,1
2018-08-29,1,1,7047.16015625,1
2018-08-30,1,1,6978.22998046875,1
2018-08-31,1,1,7037.580078125,1
2018-09-01,-1,1,7193.25,0
2018-09-02,-1,1,7272.72021484375,0
2018-09-03,-1,1,7260.06005859375,0
2018-09-04,-1,1,7361.66015625,0
2018-09-05,0,1,6792.830078125,0
2018-09-06,0,1,6529.169921875,0
2018-09-07,0,1,6467.06982421875,0
2018-09-08,0,1,6225.97998046875,0
2018-09-09,0,0,6300.85986328125,0
2018-09-10,0,0,6329.7001953125,0
2018-09-11,0,0,6321.2001953125,0
2018-09-12,0,0,6351.7998046875,0
2018-09-13,0,0,6517.31005859375,0
2018-09-14,0,0,6512.7099609375,0
2018-09-15,0,0,6543.2001953125,0
2018-09-16,0,0,6517.18017578125,0
2018-09-17,0,0,6281.2001953125,0
2018-09-18,0,0,6371.2998046875,0
2018-09-19,0,0,6398.5400390625,0
2018-09-20,0,0,6519.669921875,0
2018-09-21,0,0,6734.9501953125,0
2018-09-22,0,1,6721.97998046875,0
2018-09-23,0,1,6710.6298828125,0
2018-09-24,0,1,6595.41015625,0
2018-09-25,0,1,6446.47021484375,0
2018-09-26,1,1,6495.0,1
2018-09-27,1,1,6676.75,1
2018-09-28,1,1,6644.1298828125,1
2018-09-29,1,1,6601.9599609375,1
2018-09-30,1,1,6625.56005859375,1
2018-10-01,1,1,6589.6201171875,1
2018-10-02,1,1,6556.10009765625,1
2018-10-03,1,1,6502.58984375,1
2018-10-04,1,1,6576.68994140625,1
2018-10-05,0,1,6622.47998046875,0
2018-10-06,0,1,6588.31005859375,0
2018-10-07,0,1,6602.9501953125,0
2018-10-08,1,0,6652.22998046875,0
2018-10-09,1,0,6642.64013671875,0
2018-10-10,1,0,6585.52978515625,0
2018-10-11,1,0,6256.240234375,0
2018-10-12,1,0,6274.580078125,0
2018-10-13,0,0,6285.990234375,0
2018-10-14,0,0,6290.93017578125,0
2018-10-15,0,0,6596.5400390625,0
2018-10-16,0,0,6596.10986328125,0
2018-10-17,0,0,6544.43017578125,0
2018-10-18,0,0,6476.7099609375,0
2018-10-19,0,0,6465.41015625,0
2018-10-20,0,0,6489.18994140625,0
2018-10-21,1,0,6482.35009765625,0
2018-10-22,1,0,6487.16015625,0
2018-10-23,1,0,6475.740234375,0
2018-10-24,0,0,6495.83984375,0
2018-10-25,0,0,6476.2900390625,0
2018-10-26,0,0,6474.75,0
2018-10-27,1,0,6480.3798828125,0
2018-10-28,1,0,6486.39013671875,0
2018-10-29,1,0,6332.6298828125,0
2018-10-30,0,0,6334.27001953125,0
2018-10-31,0,0,6317.60986328125,0
2018-11-01,0,0,6377.77978515625,0
2018-11-02,0,0,6388.43994140625,0
2018-11-03,0,0,6361.259765625,0
2018-11-04,0,0,6376.1298828125,0
2018-11-05,0,0,6419.66015625,0
2018-11-06,0,0,6461.009765625,0
2018-11-07,0,0,6530.14013671875,0
2018-11-08,1,0,6453.72021484375,0
2018-11-09,1,0,6385.6201171875,0
2018-11-10,1,0,6409.22021484375,0
2018-11-11,1,0,6411.27001953125,0
2018-11-12,0,0,6371.27001953125,0
2018-11-13,0,0,6359.490234375,0
2018-11-14,1,0,5738.35009765625,0
2018-11-15,0,0,5648.02978515625,0
2018-11-16,0,0,5575.5498046875,0
2018-11-17,0,0,5554.330078125,0
2018-11-18,0,0,5623.5400390625,0
2018-11-19,0,0,4871.490234375,0
2018-11-20,0,0,4451.8701171875,0
2018-11-21,0,0,4602.169921875,0
2018-11-22,0,0,4365.93994140625,0
2018-11-23,0,0,4347.10986328125,0
2018-11-24,0,0,3880.760009765625,0
2018-11-25,0,0,4009.969970703125,0
2018-11-26,0,0,3779.1298828125,0
2018-11-27,0,0,3820.719970703125,0
2018-11-28,0,0,4257.419921875,0
2018-11-29,0,0,4278.8466796875,0
2018-11-30,0,0,4017.2685546875,0
2018-12-01,0,0,4214.671875,0
2018-12-02,0,0,4139.8779296875,0
2018-12-03,0,0,3894.130859375,0
2018-12-04,0,0,3956.893798828125,0
2018-12-05,0,0,3753.994873046875,0
2018-12-06,0,0,3521.101806640625,0
2018-12-07,0,0,3419.937255859375,0
2018-12-08,0,0,3476.11474609375,0
2018-12-09,0,0,3614.234375,0
2018-12-10,0,0,3502.656005859375,0
2018-12-11,1,1,3424.588134765625,1
2018-12-12,1,1,3486.9501953125,1
2018-12-13,1,1,3313.67724609375,1
2018-12-14,1,1,3242.48486328125,1
2018-12-15,1,1,3236.76171875,1
2018-12-16,1,1,3252.839111328125,1
2018-12-17,1,1,3545.86474609375,1
2018-12-18,1,1,3696.05908203125,1
2018-12-19,1,1,3745.95068359375,1
2018-12-20,0,1,4134.44140625,0
2018-12-21,1,1,3896.543701171875,1
2018-12-22,0,1,4014.1826171875,0
2018-12-23,0,1,3998.980224609375,0
2018-12-24,0,1,4078.59912109375,0
2018-12-25,0,1,3815.49072265625,0
2018-12-26,0,1,3857.297607421875,0
2018-12-27,0,1,3654.83349609375,0
2018-12-28,0,1,3923.918701171875,0
2018-12-29,1,1,3820.40869140625,1
2018-12-30,0,1,3865.95263671875,0
2018-12-31,1,1,3742.700439453125,1
2019-01-01,0,1,3843.52001953125,0
2019-01-02,0,1,3943.409423828125,0
2019-01-03,0,1,3836.7412109375,0
2019-01-04,0,1,3857.717529296875,0
2019-01-05,0,1,3845.194580078125,0
2019-01-06,1,1,4076.632568359375,1
2019-01-07,1,1,4025.248291015625,1
2019-01-08,1,1,4030.847900390625,1
2019-01-09,1,1,4035.29638671875,1
2019-01-10,0,1,3678.924560546875,0
2019-01-11,0,1,3687.365478515625,0
2019-01-12,0,1,3661.301025390625,0
2019-01-13,0,1,3552.953125,0
2019-01-14,0,0,3706.05224609375,0
2019-01-15,0,0,3630.67529296875,0
2019-01-16,0,0,3655.0068359375,0
2019-01-17,0,0,3678.56396484375,0
2019-01-18,0,0,3657.83935546875,0
2019-01-19,0,0,3728.568359375,0
2019-01-20,0,0,3601.013671875,0
2019-01-21,0,0,3576.032470703125,0
2019-01-22,0,0,3604.5771484375,0
2019-01-23,0,0,3585.123046875,0
2019-01-24,0,0,3600.865478515625,0
2019-01-25,0,0,3599.765869140625,0
2019-01-26,0,0,3602.46044921875,0
2019-01-27,0,0,3583.9658203125,0
2019-01-28,0,0,3470.450439453125,0
2019-01-29,0,0,3448.116943359375,0
2019-01-30,0,0,3486.181640625,0
2019-01-31,0,0,3457.792724609375,0
2019-02-01,0,0,3487.9453125,0
2019-02-02,0,0,3521.060791015625,0
2019-02-03,0,0,3464.013427734375,0
2019-02-04,0,0,3459.154052734375,0
2019-02-05,0,0,3466.357421875,0
2019-02-06,0,0,3413.767822265625,0
2019-02-07,0,0,3399.4716796875,0
2019-02-08,0,0,3666.7802734375,0
2019-02-09,0,0,3671.20361328125,0
2019-02-10,0,0,3690.188232421875,0
2019-02-11,0,0,3648.4306640625,0
2019-02-12,0,0,3653.528564453125,0
2019-02-13,0,0,3632.070556640625,0
2019-02-14,0,0,3616.880859375,0
2019-02-15,0,0,3620.810791015625,0
2019-02-16,0,0,3629.78759765625,0
2019-02-17,0,0,3673.836181640625,0
2019-02-18,1,-1,3915.71435546875,0
2019-02-19,1,-1,3947.094482421875,0
2019-02-20,1,-1,3999.820556640625,0
2019-02-21,1,-1,3954.1181640625,0
2019-02-22,1,-1,4005.526611328125,0
2019-02-23,1,-1,4142.52685546875,0
2019-02-24,1,-1,3810.427490234375,0
2019-02-25,1,-1,3882.6962890625,0
2019-02-26,1,-1,3854.35791015625,0
2019-02-27,1,-1,3851.04736328125,0
2019-02-28,1,-1,3854.785400390625,0
2019-03-01,1,-1,3859.583740234375,0
2019-03-02,1,-1,3864.4150390625,0
2019-03-03,1,-1,3847.17578125,0
2019-03-04,0,0,3761.55712890625,0
2019-03-05,0,0,3896.375,0
2019-03-06,0,0,3903.942626953125,0
2019-03-07,0,0,3911.484375,0
2019-03-08,0,0,3901.131591796875,0
2019-03-09,0,0,3963.313720703125,0
2019-03-10,0,0,3951.599853515625,0
2019-03-11,0,0,3905.227294921875,0
2019-03-12,0,0,3909.15625,0
2019-03-13,0,0,3906.71728515625,0
2019-03-14,0,0,3924.369140625,0
2019-03-15,0,0,3960.9111328125,0
2019-03-16,0,-1,4048.725830078125,0
2019-03-17,1,-1,4025.22900390625,0
2019-03-18,1,-1,4032.50732421875,0
2019-03-19,1,-1,4071.190185546875,0
2019-03-20,1,-1,4087.476318359375,0
2019-03-21,-1,-1,4029.326904296875,-1
2019-03-22,-1,-1,4023.96826171875,-1
2019-03-23,-1,-1,4035.826416015625,-1
2019-03-24,-1,-1,4022.168212890625,-1
2019-03-25,0,0,3963.070556640625,0
2019-03-26,0,0,3985.080810546875,0
2019-03-27,0,0,4087.066162109375,0
2019-03-28,0,0,4069.107177734375,0
2019-03-29,0,0,4098.37451171875,0
2019-03-30,0,0,4106.66015625,0
2019-03-31,0,0,4105.404296875,0
2019-04-01,1,0,4158.18310546875,0
2019-04-02,1,1,4879.8779296875,1
2019-04-03,1,1,4973.02197265625,1
2019-04-04,1,1,4922.798828125,1
2019-04-05,1,1,5036.68115234375,1
2019-04-06,1,1,5059.8173828125,1
2019-04-07,1,1,5198.89697265625,1
2019-04-08,1,1,5289.77099609375,1
2019-04-09,1,1,5204.95849609375,1
2019-04-10,1,1,5324.5517578125,1
2019-04-11,1,1,5064.48779296875,1
2019-04-12,1,1,5089.5390625,1
2019-04-13,1,1,5096.58642578125,1
2019-04-14,1,1,5167.72216796875,1
2019-04-15,1,1,5067.1083984375,1
2019-04-16,1,1,5235.5595703125,1
2019-04-17,1,1,5251.93798828125,1
2019-04-18,1,1,5298.3857421875,1
2019-04-19,1,1,5303.8125,1
2019-04-20,1,1,5337.88623046875,1
2019-04-21,0,0,5314.53125,0
2019-04-22,0,0,5399.365234375,0
2019-04-23,0,0,5572.3623046875,0
2019-04-24,0,0,5464.86669921875,0
2019-04-25,0,0,5210.515625,0
2019-04-26,0,0,5279.34814453125,0
2019-04-27,0,0,5268.291015625,0
2019-04-28,0,0,5285.13916015625,0
2019-04-29,0,0,5247.3525390625,0
2019-04-30,0,0,5350.7265625,0
2019-05-01,0,0,5402.697265625,0
2019-05-02,0,0,5505.28369140625,0
2019-05-03,0,0,5768.28955078125,0
2019-05-04,0,0,5831.16748046875,0
2019-05-05,0,0,5795.70849609375,0
2019-05-06,1,1,5746.80712890625,1
2019-05-07,1,1,5829.50146484375,1
2019-05-08,1,1,5982.45751953125,1
2019-05-09,1,1,6174.52880859375,1
2019-05-10,1,1,6378.84912109375,1
2019-05-11,1,1,7204.771484375,1
2019-05-12,1,1,6972.37158203125,1
2019-05-13,1,1,7814.9150390625,1
2019-05-14,1,1,7994.416015625,1
2019-05-15,1,1,8205.16796875,1
2019-05-16,1,1,7884.9091796875,1
2019-05-17,1,1,7343.8955078125,1
2019-05-18,1,1,7271.2080078125,1
2019-05-19,1,1,8197.689453125,1
2019-05-20,1,1,7978.30908203125,1
2019-05-21,1,1,7963.32763671875,1
2019-05-22,1,1,7680.06640625,1
2019-05-23,1,1,7881.8466796875,1
2019-05-24,1,1,7987.37158203125,1
2019-05-25,1,1,8052.5439453125,1
2019-05-26,1,1,8673.2158203125,1
2019-05-27,1,1,8805.7783203125,1
2019-05-28,1,1,8719.9619140625,1
2019-05-29,1,1,8659.4873046875,1
2019-05-30,1,1,8319.47265625,1
2019-05-31,1,1,8574.501953125,1
2019-06-01,0,0,8564.0166015625,0
2019-06-02,0,0,8742.9580078125,0
2019-06-03,0,0,8208.9951171875,0
2019-06-04,0,0,7707.77099609375,0
2019-06-05,0,0,7824.2314453125,0
2019-06-06,0,0,7822.0234375,0
2019-06-07,0,0,8043.951171875,0
2019-06-08,0,0,7954.1279296875,0
2019-06-09,0,0,7688.0771484375,0
2019-06-10,0,0,8000.32958984375,0
2019-06-11,0,0,7927.71435546875,0
2019-06-12,0,0,8145.857421875,0
2019-06-13,0,0,8230.923828125,0
2019-06-14,0,0,8693.8330078125,0
2019-06-15,0,0,8838.375,0
2019-06-16,0,0,8994.48828125,0
2019-06-17,0,0,9320.3525390625,0
2019-06-18,1,1,9081.7626953125,1
2019-06-19,1,1,9273.521484375,1
2019-06-20,1,1,9527.16015625,1
2019-06-21,1,1,10144.556640625,1
2019-06-22,1,1,10701.69140625,1
2019-06-23,1,1,10855.37109375,1
2019-06-24,1,1,11011.1025390625,1
2019-06-25,1,1,11790.9169921875,1
2019-06-26,1,1,13016.2314453125,1
2019-06-27,1,1,11182.806640625,1
2019-06-28,1,1,12407.33203125,1
2019-06-29,1,1,11959.37109375,1
2019-06-30,1,1,10817.1552734375,1
2019-07-01,1,1,10583.134765625,1
2019-07-02,1,1,10801.677734375,1
2019-07-03,1,1,11961.26953125,1
2019-07-04,1,1,11215.4375,1
2019-07-05,0,0,10978.4599609375,0
2019-07-06,0,0,11208.55078125,0
2019-07-07,0,0,11450.8466796875,0
2019-07-08,0,0,12285.9580078125,0
2019-07-09,0,0,12573.8125,0
2019-07-10,0,0,12156.5126953125,0
2019-07-11,0,0,11358.662109375,0
2019-07-12,0,0,11815.986328125,0
2019-07-13,0,0,11392.37890625,0
2019-07-14,0,0,10256.05859375,0
2019-07-15,0,0,10895.08984375,0
2019-07-16,1,0,9477.6416015625,0
2019-07-17,1,0,9693.802734375,0
2019-07-18,1,0,10666.482421875,0
2019-07-19,1,0,10530.732421875,0
2019-07-20,1,0,10767.1396484375,0
2019-07-21,1,0,10599.10546875,0
2019-07-22,1,0,10343.1064453125,0
2019-07-23,1,0,9900.767578125,0
2019-07-24,1,0,9811.92578125,0
2019-07-25,0,0,9911.841796875,0
2019-07-26,0,0,9870.3037109375,0
2019-07-27,0,0,9477.677734375,0
2019-07-28,0,0,9552.8603515625,0
2019-07-29,0,0,9519.1455078125,0
2019-07-30,1,0,9607.423828125,0
2019-07-31,1,0,10085.6279296875,0
2019-08-01,0,0,10399.6689453125,0
2019-08-02,0,0,10518.1748046875,0
2019-08-03,0,0,10821.7265625,0
2019-08-04,0,1,10970.1845703125,0
2019-08-05,-1,1,11805.6533203125,0
2019-08-06,-1,1,11478.1689453125,0
2019-08-07,-1,1,11941.96875,0
2019-08-08,-1,1,11966.4072265625,0
2019-08-09,-1,1,11862.9365234375,0
2019-08-10,-1,1,11354.0244140625,0
2019-08-11,-1,1,11523.5791015625,0
2019-08-12,-1,1,11382.6162109375,0
2019-08-13,-1,1,10895.830078125,0
2019-08-14,0,1,10051.7041015625,0
2019-08-15,0,1,10311.5458984375,0
2019-08-16,0,0,10374.3388671875,0
2019-08-17,0,0,10231.744140625,0
2019-08-18,0,0,10345.810546875,0
2019-08-19,0,0,10916.0537109375,0
2019-08-20,0,0,10763.232421875,0
2019-08-21,0,0,10138.0498046875,0
2019-08-22,0,0,10131.0556640625,0
2019-08-23,0,0,10407.96484375,0
2019-08-24,0,0,10159.9609375,0
2019-08-25,0,0,10138.517578125,0
2019-08-26,0,0,10370.8203125,0
2019-08-27,0,0,10185.5,0
2019-08-28,0,0,9754.4228515625,0
2019-08-29,0,0,9510.2001953125,0
2019-08-30,0,0,9598.173828125,0
2019-08-31,0,0,9630.6640625,0
2019-09-01,0,0,9757.970703125,0
2019-09-02,0,0,10346.7607421875,0
2019-09-03,0,0,10623.5400390625,0
2019-09-04,0,0,10594.4931640625,0
2019-09-05,1,1,10575.533203125,1
2019-09-06,1,1,10353.302734375,1
2019-09-07,1,1,10517.2548828125,1
2019-09-08,1,1,10441.2763671875,1
2019-09-09,1,1,10334.974609375,1
2019-09-10,1,1,10115.9755859375,1
2019-09-11,1,1,10178.3720703125,1
2019-09-12,0,1,10410.126953125,0
2019-09-13,0,0,10360.546875,0
2019-09-14,0,0,10358.048828125,0
2019-09-15,0,0,10347.712890625,0
2019-09-16,0,0,10276.7939453125,0
2019-09-17,0,0,10241.2724609375,0
2019-09-18,1,0,10198.248046875,0
2019-09-19,1,0,10266.4150390625,0
2019-09-20,0,0,10181.6416015625,0
2019-09-21,0,0,10019.716796875,0
2019-09-22,0,0,10070.392578125,0
2019-09-23,0,0,9729.32421875,0
2019-09-24,0,0,8620.56640625,0
2019-09-25,0,0,8486.9931640625,0
2019-09-26,0,0,8118.9677734375,0
2019-09-27,0,0,8251.845703125,0
2019-09-28,0,0,8245.9150390625,0
2019-09-29,0,0,8104.185546875,0
2019-09-30,0,0,8293.8681640625,0
2019-10-01,0,0,8343.2763671875,0
2019-10-02,0,0,8393.0419921875,0
2019-10-03,0,0,8259.9921875,0
2019-10-04,0,0,8205.939453125,0
2019-10-05,0,0,8151.50048828125,0
2019-10-06,0,0,7988.15576171875,0
2019-10-07,0,0,8245.623046875,0
2019-10-08,0,0,8228.783203125,0
2019-10-09,0,0,8595.740234375,0
2019-10-10,1,0,8586.4736328125,0
2019-10-11,1,0,8321.7568359375,0
2019-10-12,1,0,8336.5556640625,0
2019-10-13,1,0,8321.005859375,0
2019-10-14,1,0,8374.6865234375,0
2019-10-15,1,0,8205.369140625,0
2019-10-16,1,1,8047.52685546875,1
2019-10-17,1,1,8103.9111328125,1
2019-10-18,1,1,7973.20751953125,1
2019-10-19,1,1,7988.560546875,1
2019-10-20,1,1,8222.078125,1
2019-10-21,1,1,8243.720703125,1
2019-10-22,1,1,8078.203125,1
2019-10-23,1,1,7514.671875,1
2019-10-24,1,1,7493.48876953125,1
2019-10-25,0,1,8660.7001953125,0
2019-10-26,1,1,9244.97265625,1
2019-10-27,1,1,9551.71484375,1
2019-10-28,1,1,9256.1484375,1
2019-10-29,1,1,9427.6875,1
2019-10-30,1,1,9205.7265625,1
2019-10-31,1,1,9199.5849609375,1
2019-11-01,1,1,9261.1044921875,1
2019-11-02,1,1,9324.7177734375,1
2019-11-03,1,1,9235.3544921875,1
2019-11-04,1,1,9412.6123046875,1
2019-11-05,1,1,9342.52734375,1
2019-11-06,1,1,9360.8798828125,1
2019-11-07,1,1,9267.5615234375,1
2019-11-08,0,1,8804.880859375,0
2019-11-09,0,1,8813.58203125,0
2019-11-10,1,1,9055.5263671875,1
2019-11-11,0,1,8757.7880859375,0
2019-11-12,0,0,8815.662109375,0
2019-11-13,0,0,8808.2626953125,0
2019-11-14,0,0,8708.0947265625,0
2019-11-15,1,0,8491.9921875,0
2019-11-16,1,0,8550.7607421875,0
2019-11-17,0,0,8577.9755859375,0
2019-11-18,1,0,8309.2861328125,0
2019-11-19,1,0,8206.1455078125,0
2019-11-20,1,0,8027.26806640625,0
2019-11-21,1,0,7642.75,0
2019-11-22,1,0,7296.57763671875,0
2019-11-23,1,0,7397.796875,0
2019-11-24,0,0,7047.9169921875,0
2019-11-25,0,0,7146.1337890625,0
2019-11-26,0,0,7218.37109375,0
2019-11-27,0,0,7531.66357421875,0
2019-11-28,0,0,7463.10595703125,0
2019-11-29,0,0,7761.24365234375,0
2019-11-30,0,0,7569.6298828125,0
2019-12-01,0,0,7424.29248046875,0
2019-12-02,0,0,7321.98828125,0
2019-12-03,0,0,7320.1455078125,0
2019-12-04,0,0,7252.03466796875,0
2019-12-05,0,0,7448.3076171875,0
2019-12-06,0,0,7546.99658203125,0
2019-12-07,1,1,7556.23779296875,1
2019-12-08,1,1,7564.34521484375,1
2019-12-09,1,1,7400.8994140625,1
2019-12-10,1,1,7278.11962890625,1
2019-12-11,1,1,7217.42724609375,1
2019-12-12,1,1,7243.13427734375,1
2019-12-13,1,1,7269.6845703125,1
2019-12-14,1,1,7124.673828125,1
2019-12-15,1,1,7152.3017578125,1
2019-12-16,1,1,6932.48046875,1
2019-12-17,1,1,6640.51513671875,1
2019-12-18,0,0,7276.802734375,0
2019-12-19,1,1,7202.84423828125,1
2019-12-20,1,1,7218.81640625,1
2019-12-21,1,1,7191.15869140625,1
2019-12-22,0,1,7511.5888671875,0
2019-12-23,0,1,7355.62841796875,0
2019-12-24,0,1,7322.5322265625,0
2019-12-25,0,1,7275.15576171875,0
2019-12-26,0,1,7238.966796875,0
2019-12-27,0,1,7290.08837890625,0
2019-12-28,0,1,7317.990234375,0
2019-12-29,0,1,7422.65283203125,0
2019-12-30,0,1,7292.9951171875,0
2019-12-31,0,1,7193.59912109375,0
2020-01-01,0,1,7200.17431640625,0
2020-01-02,0,1,6985.47021484375,0
2020-01-03,0,1,7344.88427734375,0
2020-01-04,0,1,7410.65673828125,0
2020-01-05,0,1,7411.3173828125,0
2020-01-06,-1,1,7769.21923828125,0
2020-01-07,1,1,8163.6923828125,1
2020-01-08,1,1,8079.86279296875,1
2020-01-09,1,1,7879.0712890625,1
2020-01-10,1,1,8166.55419921875,1
2020-01-11,1,1,8037.53759765625,1
2020-01-12,1,1,8192.494140625,1
2020-01-13,1,1,8144.1943359375,1
2020-01-14,1,1,8827.7646484375,1
2020-01-15,1,1,8807.0107421875,1
2020-01-16,1,1,8723.7861328125,1
2020-01-17,1,1,8929.0380859375,1
2020-01-18,1,1,8942.80859375,1
2020-01-19,1,1,8706.2451171875,1
2020-01-20,1,1,8657.642578125,1
2020-01-21,1,1,8745.89453125,1
2020-01-22,1,1,8680.8759765625,1
2020-01-23,1,1,8406.515625,1
2020-01-24,1,1,8445.4345703125,1
2020-01-25,1,1,8367.84765625,1
2020-01-26,0,0,8596.830078125,0
2020-01-27,0,0,8909.8193359375,0
2020-01-28,0,0,9358.58984375,0
2020-01-29,1,1,9316.6298828125,1
2020-01-30,1,1,9508.9931640625,1
2020-01-31,1,1,9350.529296875,1
2020-02-01,1,1,9392.875,1
2020-02-02,1,1,9344.365234375,1
2020-02-03,1,1,9293.521484375,1
2020-02-04,1,1,9180.962890625,1
2020-02-05,1,1,9613.423828125,1
2020-02-06,1,1,9729.8017578125,1
2020-02-07,1,1,9795.943359375,1
2020-02-08,1,1,9865.119140625,1
2020-02-09,1,1,10116.673828125,1
2020-02-10,1,1,9856.611328125,1
2020-02-11,1,1,10208.236328125,1
2020-02-12,1,1,10326.0546875,1
2020-02-13,1,1,10214.3798828125,1
2020-02-14,1,1,10312.1162109375,1
2020-02-15,1,1,9889.4248046875,1
2020-02-16,1,1,9934.43359375,1
2020-02-17,0,0,9690.142578125,0
2020-02-18,0,0,10141.99609375,0
2020-02-19,0,0,9633.38671875,0
2020-02-20,0,0,9608.4755859375,0
2020-02-21,0,0,9686.44140625,0
2020-02-22,0,0,9663.181640625,0
2020-02-23,0,0,9924.515625,0
2020-02-24,0,0,9650.1748046875,0
2020-02-25,0,0,9341.705078125,0
2020-02-26,1,0,8820.5224609375,0
2020-02-27,0,0,8784.494140625,0
2020-02-28,0,0,8672.455078125,0
2020-02-29,0,0,8599.5087890625,0
2020-03-01,0,0,8562.4541015625,0
2020-03-02,1,0,8869.669921875,0
2020-03-03,1,0,8787.7861328125,0
2020-03-04,1,0,8755.24609375,0
2020-03-05,1,0,9078.7626953125,0
2020-03-06,1,0,9122.5458984375,0
2020-03-07,0,0,8909.9541015625,0
2020-03-08,0,0,8108.1162109375,0
2020-03-09,0,0,7923.64453125,0
2020-03-10,0,0,7909.7294921875,0
2020-03-11,0,0,7911.43017578125,0
2020-03-12,0,0,4970.7880859375,0
2020-03-13,0,0,5563.70703125,0
2020-03-14,0,0,5200.3662109375,0
2020-03-15,0,0,5392.31494140625,0
2020-03-16,0,0,5014.47998046875,0
2020-03-17,0,0,5225.62939453125,0
2020-03-18,0,0,5238.4384765625,0
2020-03-19,0,0,6191.19287109375,0
2020-03-20,0,0,6198.7783203125,0
2020-03-21,0,0,6185.06640625,0
2020-03-22,0,0,5830.2548828125,0
2020-03-23,0,0,6416.31494140625,0
2020-03-24,0,0,6734.8037109375,0
2020-03-25,1,1,6681.06298828125,1
2020-03-26,1,1,6716.4404296875,1
2020-03-27,1,1,6469.79833984375,1
2020-03-28,1,1,6242.19384765625,1
2020-03-29,1,1,5922.04296875,1
2020-03-30,1,1,6429.841796875,1
2020-03-31,1,1,6438.64453125,1
2020-04-01,1,1,6606.7763671875,1
2020-04-02,1,1,6793.62451171875,1
2020-04-03,1,1,6733.38720703125,1
2020-04-04,1,1,6867.52734375,1
2020-04-05,1,1,6791.12939453125,1
2020-04-06,1,1,7271.78125,1
2020-04-07,0,1,7176.41455078125,0
2020-04-08,0,1,7334.0986328125,0
2020-04-09,0,1,7302.08935546875,0
2020-04-10,1,1,6865.4931640625,1
2020-04-11,1,1,6859.0830078125,1
2020-04-12,1,1,6971.091796875,1
2020-04-13,1,1,6845.03759765625,1
2020-04-14,1,1,6842.427734375,1
2020-04-15,1,1,6642.10986328125,1
2020-04-16,1,1,7116.80419921875,1
2020-04-17,1,1,7096.1845703125,1
2020-04-18,1,1,7257.6650390625,1
2020-04-19,1,1,7189.4248046875,1
2020-04-20,1,1,6881.95849609375,1
2020-04-21,1,1,6880.3232421875,1
2020-04-22,1,1,7117.20751953125,1
2020-04-23,1,0,7429.724609375,0
2020-04-24,1,0,7550.90087890625,0
2020-04-25,1,0,7569.93603515625,0
2020-04-26,1,0,7679.8671875,0
2020-04-27,1,0,7795.60107421875,0
2020-04-28,1,0,7807.05859375,0
2020-04-29,1,-1,8801.0380859375,0
2020-04-30,1,-1,8658.5537109375,0
2020-05-01,1,-1,8864.7666015625,0
2020-05-02,1,-1,8988.5966796875,0
2020-05-03,1,-1,8897.46875,0
2020-05-04,1,-1,8912.654296875,0
2020-05-05,1,-1,9003.0703125,0
2020-05-06,1,-1,9268.76171875,0
2020-05-07,1,-1,9951.5185546875,0
2020-05-08,1,-1,9842.666015625,0
2020-05-09,1,-1,9593.896484375,0
2020-05-10,1,-1,8756.4306640625,0
2020-05-11,1,-1,8601.7958984375,0
2020-05-12,1,-1,8804.4775390625,0
2020-05-13,1,-1,9269.9873046875,0
2020-05-14,0,-1,9733.7216796875,0
2020-05-15,1,-1,9328.197265625,0
2020-05-16,0,-1,9377.013671875,0
2020-05-17,0,-1,9670.7392578125,0
2020-05-18,0,-1,9726.5751953125,0
2020-05-19,0,-1,9729.0380859375,0
2020-05-20,0,-1,9522.9814453125,0
2020-05-21,0,0,9081.76171875,0
2020-05-22,0,0,9182.5771484375,0
2020-05-23,0,0,9209.287109375,0
2020-05-24,0,0,8790.3681640625,0
2020-05-25,0,0,8906.9345703125,0
2020-05-26,0,0,8835.052734375,0
2020-05-27,0,0,9181.017578125,0
2020-05-28,0,0,9525.7509765625,0
2020-05-29,0,0,9439.1240234375,0
2020-05-30,0,0,9700.4140625,0
2020-05-31,0,0,9461.05859375,0
2020-06-01,0,-1,10167.2685546875,0
2020-06-02,-1,-1,9529.8037109375,-1
2020-06-03,-1,-1,9656.7177734375,-1
2020-06-04,-1,-1,9800.63671875,-1
2020-06-05,-1,-1,9665.533203125,-1
2020-06-06,-1,-1,9653.6796875,-1
2020-06-07,-1,-1,9758.8525390625,-1
2020-06-08,-1,-1,9771.4892578125,-1
2020-06-09,0,-1,9795.7001953125,0
2020-06-10,0,-1,9870.0947265625,0
2020-06-11,0,0,9321.78125,0
2020-06-12,0,0,9480.84375,0
2020-06-13,0,0,9475.27734375,0
2020-06-14,0,0,9386.7880859375,0
2020-06-15,0,0,9450.7021484375,0
2020-06-16,0,0,9538.0244140625,0
2020-06-17,0,0,9480.2548828125,0
2020-06-18,0,0,9411.8408203125,0
2020-06-19,0,0,9288.0185546875,0
2020-06-20,0,0,9332.3408203125,0
2020-06-21,0,0,9303.6298828125,0
2020-06-22,0,0,9648.7177734375,0
2020-06-23,0,0,9629.658203125,0
2020-06-24,0,0,9313.6103515625,0
2020-06-25,0,0,9264.8134765625,0
2020-06-26,0,0,9162.91796875,0
2020-06-27,0,0,9045.390625,0
2020-06-28,0,0,9143.58203125,0
2020-06-29,0,0,9190.8544921875,0
2020-06-30,0,0,9137.9931640625,0
2020-07-01,0,0,9228.3251953125,0
2020-07-02,0,0,9123.41015625,0
2020-07-03,0,0,9087.3037109375,0
2020-07-04,0,0,9132.48828125,0
2020-07-05,0,0,9073.9423828125,0
2020-07-06,0,0,9375.474609375,0
2020-07-07,0,0,9252.27734375,0
2020-07-08,0,0,9428.3330078125,0
2020-07-09,1,0,9277.9677734375,0
2020-07-10,1,0,9278.8076171875,0
2020-07-11,0,0,9240.3466796875,0
2020-07-12,0,0,9276.5,0
2020-07-13,0,0,9243.6142578125,0
2020-07-14,0,0,9243.2138671875,0
2020-07-15,0,0,9192.8369140625,0
2020-07-16,1,0,9132.2275390625,0
2020-07-17,1,0,9151.392578125,0
2020-07-18,0,0,9159.0400390625,0
2020-07-19,0,0,9185.8173828125,0
2020-07-20,0,0,9164.2314453125,0
2020-07-21,0,0,9374.8876953125,0
2020-07-22,-1,-1,9525.36328125,-1
2020-07-23,-1,-1,9581.072265625,-1
2020-07-24,-1,-1,9536.892578125,-1
2020-07-25,1,-1,9677.11328125,0
2020-07-26,1,-1,9905.1669921875,0
2020-07-27,1,-1,10990.873046875,0
2020-07-28,1,-1,10912.8232421875,0
2020-07-29,1,-1,11100.4677734375,0
2020-07-30,1,-1,11111.2138671875,0
2020-07-31,1,-1,11323.466796875,0
2020-08-01,1,-1,11759.5927734375,0
2020-08-02,1,-1,11053.6142578125,0
2020-08-03,1,-1,11246.3486328125,0
2020-08-04,1,-1,11205.892578125,0
2020-08-05,1,1,11747.0224609375,1
2020-08-06,1,1,11779.7734375,1
2020-08-07,1,1,11601.47265625,1
2020-08-08,1,1,11754.0458984375,1
2020-08-09,1,1,11675.7392578125,1
2020-08-10,1,1,11878.111328125,1
2020-08-11,1,1,11410.525390625,1
2020-08-12,1,1,11584.9345703125,1
2020-08-13,1,1,11784.1376953125,1
2020-08-14,1,1,11768.87109375,1
2020-08-15,1,1,11865.6982421875,1
2020-08-16,0,0,11892.8037109375,0
2020-08-17,0,0,12254.40234375,0
2020-08-18,0,0,11991.2333984375,0
2020-08-19,0,0,11758.283203125,0
2020-08-20,0,0,11878.3720703125,0
2020-08-21,0,0,11592.4892578125,0
2020-08-22,0,0,11681.8251953125,0
2020-08-23,0,0,11664.84765625,0
2020-08-24,0,0,11774.595703125,0
2020-08-25,0,0,11366.134765625,0
2020-08-26,0,0,11488.36328125,0
2020-08-27,0,0,11323.3974609375,0
2020-08-28,0,0,11542.5,0
2020-08-29,0,0,11506.865234375,0
2020-08-30,0,0,11711.505859375,0
2020-08-31,0,0,11680.8203125,0
2020-09-01,0,0,11970.478515625,0
2020-09-02,0,0,11414.0341796875,0
2020-09-03,0,0,10245.296875,0
2020-09-04,0,0,10511.8134765625,0
2020-09-05,0,0,10169.5673828125,0
2020-09-06,0,0,10280.3515625,0
2020-09-07,0,0,10369.5634765625,0
2020-09-08,0,0,10131.5166015625,0
2020-09-09,0,0,10242.34765625,0
2020-09-10,0,0,10363.138671875,0
2020-09-11,0,0,10400.9150390625,0
2020-09-12,0,0,10442.1708984375,0
2020-09-13,0,0,10323.755859375,0
2020-09-14,0,0,10680.837890625,0
2020-09-15,0,0,10796.951171875,0
2020-09-16,0,0,10974.9052734375,0
2020-09-17,0,0,10948.990234375,0
2020-09-18,1,1,10944.5859375,1
2020-09-19,1,1,11094.3466796875,1
2020-09-20,1,1,10938.271484375,1
2020-09-21,1,1,10462.259765625,1
2020-09-22,1,1,10538.4599609375,1
2020-09-23,1,1,10246.1865234375,1
2020-09-24,0,1,10760.06640625,0
2020-09-25,1,1,10692.716796875,1
2020-09-26,0,1,10750.7236328125,0
2020-09-27,1,1,10775.26953125,1
2020-09-28,1,1,10709.65234375,1
2020-09-29,1,1,10844.640625,1
2020-09-30,1,1,10784.4912109375,1
2020-10-01,1,1,10619.4521484375,1
2020-10-02,1,1,10575.974609375,1
2020-10-03,0,1,10549.3291015625,0
2020-10-04,0,1,10669.5830078125,0
2020-10-05,1,1,10793.33984375,1
2020-10-06,0,1,10604.40625,0
2020-10-07,0,1,10668.96875,0
2020-10-08,1,1,10915.685546875,1
2020-10-09,1,1,11064.4580078125,1
2020-10-10,1,1,11296.361328125,1
2020-10-11,1,1,11384.181640625,1
2020-10-12,1,1,11555.36328125,1
2020-10-13,1,1,11425.8994140625,1
2020-10-14,1,1,11429.5068359375,1
2020-10-15,1,1,11495.349609375,1
2020-10-16,-1,1,11322.123046875,0
2020-10-17,-1,1,11358.1015625,0
2020-10-18,1,1,11483.359375,1
2020-10-19,1,1,11742.037109375,1
2020-10-20,1,1,11916.3349609375,1
2020-10-21,1,1,12823.689453125,1
2020-10-22,1,1,12965.8916015625,1
2020-10-23,1,1,12931.5390625,1
2020-10-24,1,1,13108.0625,1
2020-10-25,1,1,13031.173828125,1
2020-10-26,1,1,13075.248046875,1
2020-10-27,1,1,13654.21875,1
2020-10-28,1,1,13271.28515625,1
2020-10-29,1,1,13437.8828125,1
2020-10-30,1,1,13546.5224609375,1
2020-10-31,1,1,13780.9951171875,1
2020-11-01,1,1,13737.109375,1
2020-11-02,1,1,13550.4892578125,1
2020-11-03,1,1,13950.30078125,1
2020-11-04,1,1,14133.70703125,1
2020-11-05,1,1,15579.8486328125,1
2020-11-06,1,1,15565.880859375,1
2020-11-07,1,1,14833.75390625,1
2020-11-08,1,1,15479.5673828125,1
2020-11-09,1,1,15332.3154296875,1
2020-11-10,1,1,15290.90234375,1
2020-11-11,1,1,15701.33984375,1
2020-11-12,1,1,16276.34375,1
2020-11-13,1,1,16317.80859375,1
2020-11-14,1,1,16068.138671875,1
2020-11-15,1,1,15955.587890625,1
2020-11-16,1,1,16716.111328125,1
2020-11-17,1,1,17645.40625,1
2020-11-18,1,1,17804.005859375,1
2020-11-19,1,1,17817.08984375,1
2020-11-20,1,1,18621.314453125,1
2020-11-21,1,1,18642.232421875,1
2020-11-22,1,1,18370.001953125,1
2020-11-23,1,1,18364.12109375,1
2020-11-24,1,1,19107.46484375,1
2020-11-25,1,1,18732.12109375,1
2020-11-26,1,1,17150.623046875,1
2020-11-27,1,1,17108.40234375,1
2020-11-28,0,0,17717.4140625,0
2020-11-29,0,0,18177.484375,0
2020-11-30,0,0,19625.8359375,0
2020-12-01,0,0,18802.998046875,0
2020-12-02,0,0,19201.091796875,0
2020-12-03,0,0,19445.3984375,0
2020-12-04,0,0,18699.765625,0
2020-12-05,0,0,19154.23046875,0
2020-12-06,0,0,19345.12109375,0
2020-12-07,0,0,19191.630859375,0
2020-12-08,0,0,18321.14453125,0
2020-12-09,0,0,18553.916015625,0
2020-12-10,0,0,18264.9921875,0
2020-12-11,0,0,18058.904296875,0
2020-12-12,0,0,18803.65625,0
2020-12-13,0,0,19142.3828125,0
2020-12-14,0,0,19246.64453125,0
2020-12-15,0,0,19417.076171875,0
2020-12-16,0,0,21310.59765625,0
2020-12-17,0,0,22805.162109375,0
2020-12-18,1,1,23137.9609375,1
2020-12-19,1,1,23869.83203125,1
2020-12-20,1,1,23477.294921875,1
2020-12-21,1,1,22803.08203125,1
2020-12-22,1,1,23783.029296875,1
2020-12-23,1,1,23241.345703125,1
2020-12-24,1,1,23735.94921875,1
2020-12-25,1,1,24664.791015625,1
2020-12-26,1,1,26437.037109375,1
2020-12-27,1,1,26272.294921875,1
2020-12-28,1,1,27084.80859375,1
2020-12-29,1,1,27362.4375,1
2020-12-30,1,1,28840.953125,1
2020-12-31,1,1,29001.720703125,1
2021-01-01,1,1,29374.15234375,1
2021-01-02,1,1,32127.267578125,1
2021-01-03,1,1,32782.0234375,1
2021-01-04,1,1,31971.9140625,1
2021-01-05,1,1,33992.4296875,1
2021-01-06,1,1,36824.36328125,1
2021-01-07,1,1,39371.04296875,1
2021-01-08,1,1,40797.609375,1
2021-01-09,1,1,40254.546875,1
2021-01-10,1,1,38356.44140625,1
2021-01-11,1,1,35566.65625,1
2021-01-12,1,1,33922.9609375,1
2021-01-13,1,1,37316.359375,1
2021-01-14,1,1,39187.328125,1
2021-01-15,1,1,36825.3671875,1
2021-01-16,1,1,36178.140625,1
2021-01-17,0,0,35791.27734375,0
2021-01-18,0,0,36630.07421875,0
2021-01-19,0,0,36069.8046875,0
2021-01-20,0,0,35547.75,0
2021-01-21,0,0,30825.69921875,0
2021-01-22,0,0,33005.76171875,0
2021-01-23,0,0,32067.642578125,0
2021-01-24,0,0,32289.37890625,0
2021-01-25,0,0,32366.392578125,0
2021-01-26,0,0,32569.849609375,0
2021-01-27,0,0,30432.546875,0
2021-01-28,0,0,33466.09765625,0
2021-01-29,0,0,34316.38671875,0
2021-01-30,0,0,34269.5234375,0
2021-01-31,0,0,33114.359375,0
2021-02-01,0,0,33537.17578125,0
2021-02-02,0,0,35510.2890625,0
2021-02-03,0,0,37472.08984375,0
2021-02-04,0,0,36926.06640625,0
2021-02-05,0,0,38144.30859375,0
2021-02-06,0,1,39266.01171875,0
2021-02-07,0,1,38903.44140625,0
2021-02-08,1,1,46196.46484375,1
2021-02-09,1,1,46481.10546875,1
2021-02-10,1,1,44918.18359375,1
2021-02-11,1,1,47909.33203125,1
2021-02-12,1,1,47504.8515625,1
2021-02-13,1,1,47105.515625,1
2021-02-14,1,1,48717.2890625,1
2021-02-15,1,1,47945.05859375,1
2021-02-16,1,1,49199.87109375,1
2021-02-17,1,1,52149.0078125,1
2021-02-18,1,1,51679.796875,1
2021-02-19,1,1,55888.1328125,1
2021-02-20,1,1,56099.51953125,1
2021-02-21,1,1,57539.9453125,1
2021-02-22,1,1,54207.3203125,1
2021-02-23,1,1,48824.42578125,1
2021-02-24,1,1,49705.33203125,1
2021-02-25,1,1,47093.8515625,1
2021-02-26,0,0,46339.76171875,0
2021-02-27,0,0,46188.453125,0
2021-02-28,0,0,45137.76953125,0
2021-03-01,0,0,49631.2421875,0
2021-03-02,0,0,48378.98828125,0
2021-03-03,0,0,50538.2421875,0
2021-03-04,0,0,48561.16796875,0
2021-03-05,0,0,48927.3046875,0
2021-03-06,0,0,48912.3828125,0
2021-03-07,0,0,51206.69140625,0
2021-03-08,0,0,52246.5234375,0
2021-03-09,0,0,54824.1171875,0
2021-03-10,0,0,56008.55078125,0
2021-03-11,0,0,57805.12109375,0
2021-03-12,1,1,57332.08984375,1
2021-03-13,1,1,61243.0859375,1
2021-03-14,1,1,59302.31640625,1
2021-03-15,1,1,55907.19921875,1
2021-03-16,1,1,56804.90234375,1
2021-03-17,1,1,58870.89453125,1
2021-03-18,1,1,57858.921875,1
2021-03-19,1,1,58346.65234375,1
2021-03-20,1,1,58313.64453125,1
2021-03-21,-1,1,57523.421875,0
2021-03-22,0,0,54529.14453125,0
2021-03-23,0,0,54738.9453125,0
2021-03-24,0,0,52774.265625,0
2021-03-25,0,0,51704.16015625,0
2021-03-26,0,0,55137.3125,0
2021-03-27,0,0,55973.51171875,0
2021-03-28,0,0,55950.74609375,0
2021-03-29,0,0,57750.19921875,0
2021-03-30,0,0,58917.69140625,0
2021-03-31,0,0,58918.83203125,0
2021-04-01,0,0,59095.80859375,0
2021-04-02,0,0,59384.3125,0
2021-04-03,0,0,57603.890625,0
2021-04-04,0,0,58758.5546875,0
2021-04-05,0,0,59057.87890625,0
2021-04-06,0,0,58192.359375,0
2021-04-07,0,0,56048.9375,0
2021-04-08,0,0,58323.953125,0
2021-04-09,0,0,58245.00390625,0
2021-04-10,0,0,59793.234375,0
2021-04-11,0,0,60204.96484375,0
2021-04-12,0,0,59893.453125,0
2021-04-13,0,0,63503.45703125,0
2021-04-14,1,1,63109.6953125,1
2021-04-15,1,1,63314.01171875,1
2021-04-16,-1,1,61572.7890625,0
2021-04-17,-1,1,60683.8203125,0
2021-04-18,0,1,56216.18359375,0
2021-04-19,0,0,55724.265625,0
2021-04-20,0,0,56473.03125,0
2021-04-21,0,0,53906.08984375,0
2021-04-22,1,0,51762.2734375,0
2021-04-23,1,0,51093.65234375,0
2021-04-24,1,0,50050.8671875,0
2021-04-25,0,0,49004.25390625,0
2021-04-26,1,0,54021.75390625,0
2021-04-27,1,0,55033.1171875,0
2021-04-28,1,0,54824.703125,0
2021-04-29,0,0,53555.109375,0
2021-04-30,0,0,57750.17578125,0
2021-05-01,0,0,57828.05078125,0
2021-05-02,0,0,56631.078125,0
2021-05-03,0,1,57200.29296875,0
2021-05-04,1,1,53333.5390625,1
2021-05-05,0,1,57424.0078125,0
2021-05-06,0,1,56396.515625,0
2021-05-07,0,1,57356.40234375,0
2021-05-08,0,1,58803.77734375,0
2021-05-09,0,1,58232.31640625,0
2021-05-10,0,1,55859.796875,0
2021-05-11,0,1,56704.57421875,0
2021-05-12,1,1,49150.53515625,1
2021-05-13,0,0,49716.19140625,0
2021-05-14,0,0,49880.53515625,0
2021-05-15,0,0,46760.1875,0
2021-05-16,0,0,46456.05859375,0
2021-05-17,0,0,43537.51171875,0
2021-05-18,0,0,42909.40234375,0
2021-05-19,0,0,37002.44140625,0
2021-05-20,0,0,40782.73828125,0
2021-05-21,0,0,37304.69140625,0
2021-05-22,0,0,37536.6328125,0
2021-05-23,0,0,34770.58203125,0
2021-05-24,0,0,38705.98046875,0
2021-05-25,0,0,38402.22265625,0
2021-05-26,0,0,39294.19921875,0
2021-05-27,0,0,38436.96875,0
2021-05-28,0,0,35697.60546875,0
2021-05-29,0,0,34616.06640625,0
2021-05-30,0,0,35678.12890625,0
2021-05-31,0,0,37332.85546875,0
2021-06-01,0,0,36684.92578125,0
2021-06-02,0,0,37575.1796875,0
2021-06-03,1,1,39208.765625,1
2021-06-04,1,1,36894.40625,1
2021-06-05,1,1,35551.95703125,1
2021-06-06,1,1,35862.37890625,1
2021-06-07,1,1,33560.70703125,1
2021-06-08,1,1,33472.6328125,1
2021-06-09,1,1,37345.12109375,1
2021-06-10,1,1,36702.59765625,1
2021-06-11,1,1,37334.3984375,1
2021-06-12,1,1,35552.515625,1
2021-06-13,1,1,39097.859375,1
2021-06-14,1,1,40218.4765625,1
2021-06-15,1,1,40406.26953125,1
2021-06-16,0,1,38347.0625,0
2021-06-17,0,1,38053.50390625,0
2021-06-18,0,1,35787.24609375,0
2021-06-19,1,1,35615.87109375,1
2021-06-20,0,1,35698.296875,0
2021-06-21,1,1,31676.693359375,1
2021-06-22,1,1,32505.66015625,1
2021-06-23,1,1,33723.02734375,1
2021-06-24,1,1,34662.4375,1
2021-06-25,1,1,31637.779296875,1
2021-06-26,1,1,32186.27734375,1
2021-06-27,1,0,34649.64453125,0
2021-06-28,1,1,34434.3359375,1
2021-06-29,0,1,35867.77734375,0
2021-06-30,0,1,35040.8359375,0
2021-07-01,0,1,33572.1171875,0
2021-07-02,0,1,33897.046875,0
2021-07-03,1,1,34668.546875,1
2021-07-04,0,1,35287.78125,0
2021-07-05,0,1,33746.00390625,0
2021-07-06,0,1,34235.1953125,0
2021-07-07,0,1,33855.328125,0
2021-07-08,0,1,32877.37109375,0
2021-07-09,0,1,33798.01171875,0
2021-07-10,0,1,33520.51953125,0
2021-07-11,0,1,34240.1875,0
2021-07-12,0,1,33155.84765625,0
2021-07-13,1,1,32702.025390625,1
2021-07-14,1,1,32822.34765625,1
2021-07-15,1,1,31780.73046875,1
2021-07-16,1,1,31421.5390625,1
2021-07-17,0,0,31533.068359375,0
2021-07-18,0,0,31796.810546875,0
2021-07-19,0,0,30817.83203125,0
2021-07-20,0,0,29807.34765625,0
2021-07-21,1,0,32110.693359375,0
2021-07-22,1,0,32313.10546875,0
2021-07-23,0,1,33581.55078125,0
2021-07-24,0,1,34292.4453125,0
2021-07-25,1,1,35350.1875,1
2021-07-26,1,1,37337.53515625,1
2021-07-27,1,1,39406.94140625,1
2021-07-28,1,1,39995.90625,1
2021-07-29,1,1,40008.421875,1
2021-07-30,1,1,42235.546875,1
2021-07-31,1,1,41626.1953125,1
2021-08-01,1,1,39974.89453125,1
2021-08-02,1,1,39201.9453125,1
2021-08-03,1,1,38152.98046875,1
2021-08-04,1,1,39747.50390625,1
2021-08-05,1,1,40869.5546875,1
2021-08-06,1,1,42816.5,1
2021-08-07,1,1,44555.80078125,1
2021-08-08,1,1,43798.1171875,1
2021-08-09,1,1,46365.40234375,1
2021-08-10,1,1,45585.03125,1
2021-08-11,1,1,45593.63671875,1
2021-08-12,1,1,44428.2890625,1
2021-08-13,1,1,47793.3203125,1
2021-08-14,1,1,47096.9453125,1
2021-08-15,1,1,47047.00390625,1
2021-08-16,1,1,46004.484375,1
2021-08-17,1,1,44695.359375,1
2021-08-18,1,1,44801.1875,1
2021-08-19,1,1,46717.578125,1
2021-08-20,1,1,49339.17578125,1
2021-08-21,1,1,48905.4921875,1
2021-08-22,1,1,49321.65234375,1
2021-08-23,1,1,49546.1484375,1
2021-08-24,1,1,47706.1171875,1
2021-08-25,1,1,48960.7890625,1
2021-08-26,0,0,46942.21875,0
2021-08-27,0,0,49058.66796875,0
2021-08-28,0,0,48902.40234375,0
2021-08-29,0,0,48829.83203125,0
2021-08-30,0,0,47054.984375,0
2021-08-31,0,0,47166.6875,0
2021-09-01,0,0,48847.02734375,0
2021-09-02,0,0,49327.72265625,0
2021-09-03,0,0,50025.375,0
2021-09-04,0,0,49944.625,0
2021-09-05,0,0,51753.41015625,0
2021-09-06,0,0,52633.53515625,0
2021-09-07,0,0,46811.12890625,0
2021-09-08,0,0,46091.390625,0
2021-09-09,0,0,46391.421875,0
2021-09-10,0,0,44883.91015625,0
2021-09-11,0,0,45201.45703125,0
2021-09-12,0,0,46063.26953125,0
2021-09-13,0,0,44963.07421875,0
2021-09-14,0,0,47092.4921875,0
2021-09-15,0,0,48176.34765625,0
2021-09-16,0,0,47783.359375,0
2021-09-17,0,0,47267.51953125,0
2021-09-18,0,0,48278.36328125,0
2021-09-19,0,0,47260.21875,0
2021-09-20,0,0,42843.80078125,0
2021-09-21,0,0,40693.67578125,0
2021-09-22,0,0,43574.5078125,0
2021-09-23,1,0,44895.09765625,0
2021-09-24,0,0,42839.75,0
2021-09-25,0,0,42716.59375,0
2021-09-26,0,0,43208.5390625,0
2021-09-27,0,0,42235.73046875,0
2021-09-28,0,0,41034.54296875,0
2021-09-29,0,0,41564.36328125,0
2021-09-30,1,0,43790.89453125,0
2021-10-01,0,0,48116.94140625,0
2021-10-02,0,0,47711.48828125,0
2021-10-03,0,1,48199.953125,0
2021-10-04,0,1,49112.90234375,0
2021-10-05,0,1,51514.8125,0
2021-10-06,-1,1,55361.44921875,0
2021-10-07,1,1,53805.984375,1
2021-10-08,1,1,53967.84765625,1
2021-10-09,1,1,54968.22265625,1
2021-10-10,1,1,54771.578125,1
2021-10-11,1,1,57484.7890625,1
2021-10-12,1,1,56041.05859375,1
2021-10-13,1,1,57401.09765625,1
2021-10-14,1,1,57321.5234375,1
2021-10-15,1,1,61593.94921875,1
2021-10-16,1,1,60892.1796875,1
2021-10-17,1,1,61553.6171875,1
2021-10-18,1,1,62026.078125,1
2021-10-19,1,1,64261.9921875,1
2021-10-20,1,1,65992.8359375,1
2021-10-21,1,1,62210.171875,1
2021-10-22,1,1,60692.265625,1
2021-10-23,1,1,61393.6171875,1
2021-10-24,1,1,60930.8359375,1
2021-10-25,1,1,63039.82421875,1
2021-10-26,1,1,60363.79296875,1
2021-10-27,0,0,58482.38671875,0
2021-10-28,0,0,60622.13671875,0
2021-10-29,0,0,62227.96484375,0
2021-10-30,0,0,61888.83203125,0
2021-10-31,0,0,61318.95703125,0
2021-11-01,0,0,61004.40625,0
2021-11-02,0,0,63226.40234375,0
2021-11-03,0,0,62970.046875,0
2021-11-04,0,0,61452.23046875,0
2021-11-05,0,0,61125.67578125,0
2021-11-06,0,0,61527.48046875,0
2021-11-07,0,0,63326.98828125,0
2021-11-08,0,0,67566.828125,0
2021-11-09,0,0,66971.828125,0
2021-11-10,0,0,64995.23046875,0
2021-11-11,0,0,64949.9609375,0
2021-11-12,0,0,64155.94140625,0
2021-11-13,0,0,64469.52734375,0
2021-11-14,-1,0,65466.83984375,0
2021-11-15,-1,0,63557.87109375,0
2021-11-16,0,0,60161.24609375,0
2021-11-17,0,0,60368.01171875,0
2021-11-18,0,0,56942.13671875,0
2021-11-19,0,0,58119.578125,0
2021-11-20,1,0,59697.1953125,0
2021-11-21,1,0,58730.4765625,0
2021-11-22,0,0,56289.2890625,0
2021-11-23,1,0,57569.07421875,0
2021-11-24,0,0,56280.42578125,0
2021-11-25,1,0,57274.6796875,0
2021-11-26,0,0,53569.765625,0
2021-11-27,0,0,54815.078125,0
2021-11-28,0,0,57248.45703125,0
2021-11-29,1,0,57806.56640625,0
2021-11-30,1,0,57005.42578125,0
2021-12-01,1,0,57229.828125,0
2021-12-02,0,0,56477.81640625,0
2021-12-03,0,0,53598.24609375,0
2021-12-04,0,0,49200.703125,0
2021-12-05,0,0,49368.84765625,0
2021-12-06,0,0,50582.625,0
2021-12-07,0,0,50700.0859375,0
2021-12-08,0,0,50504.796875,0
2021-12-09,0,0,47672.12109375,0
2021-12-10,0,0,47243.3046875,0
2021-12-11,0,0,49362.5078125,0
2021-12-12,0,0,50098.3359375,0
2021-12-13,0,0,46737.48046875,0
2021-12-14,0,0,46612.6328125,0
2021-12-15,0,0,48896.72265625,0
2021-12-16,0,0,47665.42578125,0
2021-12-17,0,0,46202.14453125,0
2021-12-18,0,0,46848.77734375,0
2021-12-19,0,0,46707.015625,0
2021-12-20,0,0,46880.27734375,0
2021-12-21,0,0,48936.61328125,0
2021-12-22,1,1,48628.51171875,1
2021-12-23,1,1,50784.5390625,1
2021-12-24,1,1,50822.1953125,1
2021-12-25,1,1,50429.859375,1
2021-12-26,0,1,50809.515625,0
2021-12-27,1,1,50640.41796875,1
2021-12-28,1,1,47588.85546875,1
2021-12-29,1,1,46444.7109375,1
2021-12-30,1,1,47178.125,1
2021-12-31,1,1,46306.4453125,1
2022-01-01,1,1,47686.8125,1
2022-01-02,1,1,47345.21875,1
2022-01-03,0,1,46458.1171875,0
2022-01-04,1,1,45897.57421875,1
2022-01-05,1,1,43569.00390625,1
2022-01-06,0,0,43160.9296875,0
2022-01-07,0,0,41557.90234375,0
2022-01-08,0,0,41733.94140625,0
2022-01-09,0,0,41911.6015625,0
2022-01-10,0,0,41821.26171875,0
2022-01-11,0,0,42735.85546875,0
2022-01-12,0,0,43949.1015625,0
2022-01-13,0,0,42591.5703125,0
2022-01-14,0,0,43099.69921875,0
2022-01-15,0,0,43177.3984375,0
2022-01-16,1,1,43113.87890625,1
2022-01-17,1,1,42250.55078125,1
2022-01-18,1,1,42375.6328125,1
2022-01-19,1,1,41744.328125,1
2022-01-20,1,1,40680.41796875,1
2022-01-21,1,1,36457.31640625,1
2022-01-22,0,0,35030.25,0
2022-01-23,0,0,36276.8046875,0
2022-01-24,0,0,36654.328125,0
2022-01-25,0,0,36954.00390625,0
2022-01-26,0,0,36852.12109375,0
2022-01-27,0,0,37138.234375,0
2022-01-28,0,0,37784.33203125,0
2022-01-29,0,0,38138.1796875,0
2022-01-30,0,0,37917.6015625,0
2022-01-31,1,1,38483.125,1
2022-02-01,1,1,38743.2734375,1
2022-02-02,1,1,36952.984375,1
2022-02-03,1,1,37154.6015625,1
2022-02-04,0,1,41500.875,0
2022-02-05,0,1,41441.1640625,0
2022-02-06,0,1,42412.43359375,0
2022-02-07,-1,1,43840.28515625,0
2022-02-08,-1,1,44118.4453125,0
2022-02-09,-1,1,44338.796875,0
2022-02-10,-1,1,43565.11328125,0
2022-02-11,-1,1,42407.9375,0
2022-02-12,-1,1,42244.46875,0
2022-02-13,-1,1,42197.515625,0
2022-02-14,-1,1,42586.91796875,0
2022-02-15,-1,1,44575.203125,0
2022-02-16,-1,1,43961.859375,0
2022-02-17,0,1,40538.01171875,0
2022-02-18,0,1,40030.9765625,0
2022-02-19,0,1,40122.15625,0
2022-02-20,0,1,38431.37890625,0
2022-02-21,0,0,37075.28125,0
2022-02-22,0,0,38286.02734375,0
2022-02-23,0,0,37296.5703125,0
2022-02-24,0,0,38332.609375,0
2022-02-25,0,0,39214.21875,0
2022-02-26,0,0,39105.1484375,0
2022-02-27,0,0,37709.78515625,0
2022-02-28,0,0,43193.234375,0
2022-03-01,0,0,44354.63671875,0
2022-03-02,1,1,43924.1171875,1
2022-03-03,1,1,42451.7890625,1
2022-03-04,0,1,39137.60546875,0
2022-03-05,0,1,39400.5859375,0
2022-03-06,0,1,38419.984375,0
2022-03-07,0,0,38062.0390625,0
2022-03-08,0,0,38737.26953125,0
2022-03-09,0,0,41982.92578125,0
2022-03-10,0,0,39437.4609375,0
2022-03-11,0,0,38794.97265625,0
2022-03-12,0,0,38904.01171875,0
2022-03-13,0,0,37849.6640625,0
2022-03-14,0,0,39666.75390625,0
2022-03-15,0,0,39338.78515625,0
2022-03-16,0,0,41143.9296875,0
2022-03-17,0,1,40951.37890625,0
2022-03-18,0,1,41801.15625,0
2022-03-19,0,1,42190.65234375,0
2022-03-20,0,1,41247.82421875,0
2022-03-21,0,1,41077.99609375,0
2022-03-22,1,1,42358.80859375,1
2022-03-23,1,1,42892.95703125,1
2022-03-24,1,1,43960.93359375,1
2022-03-25,1,1,44348.73046875,1
2022-03-26,1,1,44500.828125,1
2022-03-27,1,1,46820.4921875,1
2022-03-28,1,1,47128.00390625,1
2022-03-29,1,1,47465.73046875,1
2022-03-30,1,1,47062.6640625,1
2022-03-31,-1,1,45538.67578125,0
2022-04-01,-1,1,46281.64453125,0
2022-04-02,1,1,45868.94921875,1
2022-04-03,1,1,46453.56640625,1
2022-04-04,1,1,46622.67578125,1
2022-04-05,1,1,45555.9921875,1
2022-04-06,1,1,43206.73828125,1
2022-04-07,0,0,43503.84765625,0
2022-04-08,0,0,42287.6640625,0
2022-04-09,0,0,42782.13671875,0
2022-04-10,0,0,42207.671875,0
2022-04-11,1,0,39521.90234375,0
2022-04-12,1,0,40127.18359375,0
2022-04-13,1,0,41166.73046875,0
2022-04-14,1,0,39935.515625,0
2022-04-15,1,0,40553.46484375,0
2022-04-16,1,0,40424.484375,0
2022-04-17,1,0,39716.953125,0
2022-04-18,1,0,40826.21484375,0
2022-04-19,1,0,41502.75,0
2022-04-20,1,0,41374.37890625,0
2022-04-21,1,0,40527.36328125,0
2022-04-22,0,0,39740.3203125,0
2022-04-23,0,0,39486.73046875,0
2022-04-24,0,0,39469.29296875,0
2022-04-25,0,0,40458.30859375,0
2022-04-26,0,0,38117.4609375,0
2022-04-27,0,0,39241.12109375,0
2022-04-28,0,0,39773.828125,0
2022-04-29,0,0,38609.82421875,0
2022-04-30,0,0,37714.875,0
2022-05-01,0,0,38469.09375,0
2022-05-02,0,0,38529.328125,0
2022-05-03,0,0,37750.453125,0
2022-05-04,0,0,39698.37109375,0
2022-05-05,0,0,36575.140625,0
2022-05-06,0,0,36040.921875,0
2022-05-07,0,0,35501.953125,0
2022-05-08,0,0,34059.265625,0
2022-05-09,0,0,30296.953125,0
2022-05-10,0,0,31022.90625,0
2022-05-11,0,0,28936.35546875,0
2022-05-12,0,0,29047.751953125,0
2022-05-13,0,0,29283.103515625,0
2022-05-14,0,0,30101.265625,0
2022-05-15,0,0,31305.11328125,0
2022-05-16,0,0,29862.91796875,0
2022-05-17,0,0,30425.857421875,0
2022-05-18,0,0,28720.271484375,0
2022-05-19,0,0,30314.333984375,0
2022-05-20,0,0,29200.740234375,0
2022-05-21,0,0,29432.2265625,0
2022-05-22,0,0,30323.72265625,0
2022-05-23,1,1,29098.91015625,1
2022-05-24,1,1,29655.5859375,1
2022-05-25,1,1,29562.361328125,1
2022-05-26,1,1,29267.224609375,1
2022-05-27,1,1,28627.57421875,1
2022-05-28,1,1,28814.900390625,1
2022-05-29,1,1,29445.95703125,1
2022-05-30,1,1,31726.390625,1
2022-05-31,1,1,31792.310546875,1
2022-06-01,1,1,29799.080078125,1
2022-06-02,1,1,30467.48828125,1
2022-06-03,1,1,29704.390625,1
2022-06-04,1,1,29832.9140625,1
2022-06-05,1,1,29906.662109375,1
2022-06-06,1,1,31370.671875,1
2022-06-07,1,1,31155.478515625,1
2022-06-08,0,1,30214.35546875,0
2022-06-09,0,1,30111.998046875,0
2022-06-10,0,1,29083.8046875,0
2022-06-11,0,1,28360.810546875,0
2022-06-12,1,1,26762.6484375,1
2022-06-13,1,1,22487.388671875,1
2022-06-14,0,0,22206.79296875,0
2022-06-15,0,0,22572.83984375,0
2022-06-16,0,0,20381.650390625,0
2022-06-17,0,0,20471.482421875,0
2022-06-18,0,0,19017.642578125,0
2022-06-19,0,0,20553.271484375,0
2022-06-20,0,0,20599.537109375,0
2022-06-21,0,0,20710.59765625,0
2022-06-22,0,0,19987.029296875,0
2022-06-23,0,0,21085.876953125,0
2022-06-24,0,0,21231.65625,0
2022-06-25,0,0,21502.337890625,0
2022-06-26,0,0,21027.294921875,0
2022-06-27,0,0,20735.478515625,0
2022-06-28,1,1,20280.634765625,1
2022-06-29,1,1,20104.0234375,1
2022-06-30,1,1,19784.7265625,1
2022-07-01,1,1,19269.3671875,1
2022-07-02,1,1,19242.255859375,1
2022-07-03,1,1,19297.076171875,1
2022-07-04,1,1,20231.26171875,1
2022-07-05,1,1,20190.115234375,1
2022-07-06,1,1,20548.24609375,1
2022-07-07,1,1,21637.587890625,1
2022-07-08,1,1,21731.1171875,1
2022-07-09,1,1,21592.20703125,1
2022-07-10,1,1,20860.44921875,1
2022-07-11,1,1,19970.556640625,1
2022-07-12,1,1,19323.9140625,1
2022-07-13,1,1,20212.07421875,1
2022-07-14,0,1,20569.919921875,0
2022-07-15,1,1,20836.328125,1
2022-07-16,0,1,21190.31640625,0
2022-07-17,0,1,20779.34375,0
2022-07-18,1,1,22485.689453125,1
2022-07-19,1,1,23389.43359375,1
2022-07-20,1,1,23231.732421875,1
2022-07-21,1,1,23164.62890625,1
2022-07-22,1,1,22714.978515625,1
2022-07-23,1,1,22465.478515625,1
2022-07-24,1,1,22609.1640625,1
2022-07-25,0,1,21361.701171875,0
2022-07-26,0,1,21239.75390625,0
2022-07-27,1,1,22930.548828125,1
2022-07-28,1,1,23843.88671875,1
2022-07-29,1,1,23804.6328125,1
2022-07-30,1,1,23656.20703125,1
2022-07-31,1,1,23336.896484375,1
2022-08-01,1,1,23314.19921875,1
2022-08-02,1,1,22978.1171875,1
2022-08-03,1,1,22846.5078125,1
2022-08-04,1,1,22630.95703125,1
2022-08-05,1,1,23289.314453125,1
2022-08-06,0,1,22961.279296875,0
2022-08-07,0,1,23175.890625,0
2022-08-08,1,1,23809.486328125,1
2022-08-09,1,1,23164.318359375,1
2022-08-10,1,1,23947.642578125,1
2022-08-11,1,1,23957.529296875,1
2022-08-12,1,1,24402.818359375,1
2022-08-13,1,1,24424.068359375,1
2022-08-14,1,1,24319.333984375,1
2022-08-15,1,1,24136.97265625,1
2022-08-16,1,1,23883.291015625,1
2022-08-17,0,1,23335.998046875,0
2022-08-18,0,0,23212.73828125,0
2022-08-19,0,0,20877.552734375,0
2022-08-20,0,0,21166.060546875,0
2022-08-21,1,0,21534.12109375,0
2022-08-22,1,0,21398.908203125,0
2022-08-23,1,0,21528.087890625,0
2022-08-24,1,0,21395.01953125,0
2022-08-25,1,0,21600.904296875,0
2022-08-26,0,0,20260.01953125,0
2022-08-27,0,0,20041.73828125,0
2022-08-28,0,0,19616.814453125,0
2022-08-29,0,0,20297.994140625,0
2022-08-30,0,0,19796.80859375,0
2022-08-31,0,0,20049.763671875,0
2022-09-01,0,0,20127.140625,0
2022-09-02,0,0,19969.771484375,0
2022-09-03,0,0,19832.087890625,0
2022-09-04,0,0,19986.712890625,0
2022-09-05,0,0,19812.37109375,0
2022-09-06,0,0,18837.66796875,0
2022-09-07,0,0,19290.32421875,0
2022-09-08,0,0,19329.833984375,0
2022-09-09,0,0,21381.15234375,0
2022-09-10,1,1,21680.5390625,1
2022-09-11,1,1,21769.255859375,1
2022-09-12,1,1,22370.44921875,1
2022-09-13,1,1,20296.70703125,1
2022-09-14,1,1,20241.08984375,1
2022-09-15,1,1,19701.2109375,1
2022-09-16,1,1,19772.583984375,1
2022-09-17,1,1,20127.576171875,1
2022-09-18,1,1,19419.505859375,1
2022-09-19,1,1,19544.12890625,1
2022-09-20,1,1,18890.7890625,1
2022-09-21,0,0,18547.400390625,0
2022-09-22,0,0,19413.55078125,0
2022-09-23,0,0,19297.638671875,0
2022-09-24,0,0,18937.01171875,0
2022-09-25,0,0,18802.09765625,0
2022-09-26,0,0,19222.671875,0
2022-09-27,0,0,19110.546875,0
2022-09-28,0,0,19426.720703125,0
2022-09-29,0,1,19573.05078125,0
2022-09-30,0,1,19431.7890625,0
2022-10-01,0,1,19312.095703125,0
2022-10-02,0,1,19044.107421875,0
2022-10-03,0,1,19623.580078125,0
2022-10-04,-1,1,20336.84375,0
2022-10-05,-1,1,20160.716796875,0
2022-10-06,-1,1,19955.443359375,0
2022-10-07,-1,1,19546.849609375,0
2022-10-08,-1,1,19416.568359375,0
2022-10-09,1,1,19446.42578125,1
2022-10-10,1,1,19141.484375,1
2022-10-11,1,1,19051.41796875,1
2022-10-12,1,1,19157.4453125,1
2022-10-13,1,1,19382.904296875,1
2022-10-14,1,1,19185.65625,1
2022-10-15,0,1,19067.634765625,0
2022-10-16,0,1,19268.09375,0
2022-10-17,0,1,19550.7578125,0
2022-10-18,0,1,19334.416015625,0
2022-10-19,0,1,19139.53515625,0
2022-10-20,0,1,19053.740234375,0
2022-10-21,0,1,19172.46875,0
2022-10-22,0,0,19208.189453125,0
2022-10-23,0,0,19567.0078125,0
2022-10-24,0,0,19345.572265625,0
2022-10-25,1,-1,20095.857421875,0
2022-10-26,1,-1,20770.44140625,0
2022-10-27,1,-1,20285.8359375,0
2022-10-28,1,-1,20595.3515625,0
2022-10-29,1,-1,20818.4765625,0
2022-10-30,1,-1,20635.603515625,0
2022-10-31,1,-1,20495.7734375,0
2022-11-01,1,-1,20485.2734375,0
2022-11-02,-1,-1,20159.50390625,-1
2022-11-03,-1,-1,20209.98828125,-1
2022-11-04,1,-1,21147.23046875,0
2022-11-05,1,-1,21282.69140625,0
2022-11-06,1,-1,20926.486328125,0
2022-11-07,1,-1,20602.81640625,0
2022-11-08,0,0,18541.271484375,0
2022-11-09,0,0,15880.7802734375,0
2022-11-10,0,0,17586.771484375,0
2022-11-11,0,0,17034.29296875,0
2022-11-12,0,0,16799.185546875,0
2022-11-13,0,0,16353.365234375,0
2022-11-14,0,0,16618.19921875,0
2022-11-15,0,0,16884.61328125,0
2022-11-16,0,0,16669.439453125,0
2022-11-17,0,0,16687.517578125,0
2022-11-18,0,0,16697.77734375,0
2022-11-19,0,0,16711.546875,0
2022-11-20,0,0,16291.83203125,0
2022-11-21,0,0,15787.2841796875,0
2022-11-22,0,0,16189.76953125,0
2022-11-23,0,0,16610.70703125,0
2022-11-24,0,0,16604.46484375,0
2022-11-25,0,0,16521.841796875,0
2022-11-26,0,0,16464.28125,0
2022-11-27,0,0,16444.626953125,0
2022-11-28,1,1,16217.322265625,1
2022-11-29,1,1,16444.982421875,1
2022-11-30,1,1,17168.56640625,1
2022-12-01,1,1,16967.1328125,1
2022-12-02,1,1,17088.66015625,1
2022-12-03,1,1,16908.236328125,1
2022-12-04,1,1,17130.486328125,1
2022-12-05,1,1,16974.826171875,1
2022-12-06,1,1,17089.50390625,1
2022-12-07,1,1,16848.126953125,1
2022-12-08,1,1,17233.474609375,1
2022-12-09,1,1,17133.15234375,1
2022-12-10,0,1,17128.724609375,0
2022-12-11,0,1,17104.193359375,0
2022-12-12,0,1,17206.4375,0
2022-12-13,1,1,17781.318359375,1
2022-12-14,1,1,17815.650390625,1
2022-12-15,-1,1,17364.865234375,0
2022-12-16,0,1,16647.484375,0
2022-12-17,0,1,16795.091796875,0
2022-12-18,0,1,16757.9765625,0
2022-12-19,0,1,16439.6796875,0
2022-12-20,0,1,16906.3046875,0
2022-12-21,1,1,16817.53515625,1
2022-12-22,0,1,16830.341796875,0
2022-12-23,0,1,16796.953125,0
2022-12-24,0,1,16847.755859375,0
2022-12-25,0,1,16841.986328125,0
2022-12-26,0,1,16919.8046875,0
2022-12-27,0,1,16717.173828125,0
2022-12-28,0,1,16552.572265625,0
2022-12-29,0,0,16642.341796875,0
2022-12-30,0,0,16602.5859375,0
2022-12-31,0,0,16547.49609375,0
2023-01-01,0,0,16625.080078125,0
2023-01-02,0,0,16688.470703125,0
2023-01-03,0,0,16679.857421875,0
2023-01-04,0,0,16863.23828125,0
2023-01-05,0,0,16836.736328125,0
2023-01-06,0,0,16951.96875,0
2023-01-07,0,0,16955.078125,0
2023-01-08,-1,-1,17091.14453125,-1
2023-01-09,-1,-1,17196.5546875,-1
2023-01-10,-1,-1,17446.29296875,-1
2023-01-11,1,-1,17934.896484375,0
2023-01-12,1,-1,18869.587890625,0
2023-01-13,1,-1,19909.57421875,0
2023-01-14,1,-1,20976.298828125,0
2023-01-15,1,-1,20880.798828125,0
2023-01-16,1,-1,21169.6328125,0
2023-01-17,1,-1,21161.51953125,0
2023-01-18,1,-1,20688.78125,0
2023-01-19,1,-1,21086.79296875,0
2023-01-20,1,-1,22676.552734375,0
2023-01-21,1,-1,22777.625,0
2023-01-22,1,-1,22720.416015625,0
2023-01-23,1,-1,22934.431640625,0
2023-01-24,1,-1,22636.46875,0
2023-01-25,1,-1,23117.859375,0
2023-01-26,1,-1,23032.77734375,0
2023-01-27,1,-1,23078.728515625,0
2023-01-28,1,-1,23031.08984375,0
2023-01-29,1,-1,23774.56640625,0
2023-01-30,1,-1,22840.138671875,0
2023-01-31,1,-1,23139.283203125,0
2023-02-01,1,-1,23723.76953125,0
2023-02-02,1,-1,23471.87109375,0
2023-02-03,1,-1,23449.322265625,0
2023-02-04,0,-1,23331.84765625,0
2023-02-05,0,-1,22955.666015625,0
2023-02-06,0,0,22760.109375,0
2023-02-07,0,0,23264.291015625,0
2023-02-08,0,0,22939.3984375,0
2023-02-09,0,0,21819.0390625,0
2023-02-10,0,0,21651.18359375,0
2023-02-11,0,0,21870.875,0
2023-02-12,0,0,21788.203125,0
2023-02-13,1,0,21808.1015625,0
2023-02-14,0,0,22220.8046875,0
2023-02-15,0,0,24307.841796875,0
2023-02-16,0,0,23623.474609375,0
2023-02-17,0,0,24565.6015625,0
2023-02-18,0,0,24641.27734375,0
2023-02-19,0,0,24327.642578125,0
2023-02-20,1,1,24829.1484375,1
2023-02-21,1,1,24436.353515625,1
2023-02-22,0,1,24188.84375,0
2023-02-23,1,1,23947.4921875,1
2023-02-24,0,0,23198.126953125,0
2023-02-25,0,0,23175.375,0
2023-02-26,0,0,23561.212890625,0
2023-02-27,0,0,23522.87109375,0
2023-02-28,0,0,23147.353515625,0
2023-03-01,0,0,23646.55078125,0
2023-03-02,0,0,23475.466796875,0
2023-03-03,0,0,22362.6796875,0
2023-03-04,0,0,22353.349609375,0
2023-03-05,0,0,22435.513671875,0
2023-03-06,0,0,22429.7578125,0
2023-03-07,0,0,22219.76953125,0
2023-03-08,0,0,21718.080078125,0
2023-03-09,0,0,20363.021484375,0
2023-03-10,0,0,20187.244140625,0
2023-03-11,1,0,20632.41015625,0
2023-03-12,1,0,22163.94921875,0
2023-03-13,0,0,24197.533203125,0
2023-03-14,0,0,24746.07421875,0
2023-03-15,1,1,24375.9609375,1
2023-03-16,1,1,25052.7890625,1
2023-03-17,1,1,27423.9296875,1
2023-03-18,1,1,26965.87890625,1
2023-03-19,1,1,28038.67578125,1
2023-03-20,1,1,27767.236328125,1
2023-03-21,1,1,28175.81640625,1
2023-03-22,1,1,27307.4375,1
2023-03-23,1,1,28333.97265625,1
2023-03-24,1,1,27493.28515625,1
2023-03-25,1,1,27494.70703125,1
2023-03-26,1,1,27994.330078125,1
2023-03-27,1,1,27139.888671875,1
2023-03-28,1,1,27268.130859375,1
2023-03-29,1,1,28348.44140625,1
2023-03-30,1,1,28033.5625,1
2023-03-31,1,1,28478.484375,1
2023-04-01,1,1,28411.03515625,1
2023-04-02,1,1,28199.30859375,1
2023-04-03,1,1,27790.220703125,1
2023-04-04,0,0,28168.08984375,0
2023-04-05,0,0,28177.984375,0
2023-04-06,0,0,28044.140625,0
2023-04-07,0,0,27925.859375,0
2023-04-08,0,0,27947.794921875,0
2023-04-09,0,0,28333.05078125,0
2023-04-10,0,0,29652.98046875,0
2023-04-11,0,0,30235.05859375,0
2023-04-12,0,0,30139.052734375,0
2023-04-13,1,1,30399.06640625,1
2023-04-14,1,1,30485.69921875,1
2023-04-15,1,1,30318.49609375,1
2023-04-16,1,1,30315.35546875,1
2023-04-17,1,1,29445.044921875,1
2023-04-18,0,0,30397.552734375,0
2023-04-19,0,0,28822.6796875,0
2023-04-20,0,0,28245.98828125,0
2023-04-21,0,0,27276.91015625,0
2023-04-22,0,0,27817.5,0
2023-04-23,0,0,27591.384765625,0
2023-04-24,0,0,27525.33984375,0
2023-04-25,0,0,28307.59765625,0
2023-04-26,0,0,28422.701171875,0
2023-04-27,0,0,29473.787109375,0
2023-04-28,0,0,29340.26171875,0
2023-04-29,0,0,29248.48828125,0
2023-04-30,0,0,29268.806640625,0
2023-05-01,0,0,28091.568359375,0
2023-05-02,0,0,28680.537109375,0
2023-05-03,0,0,29006.30859375,0
2023-05-04,0,0,28847.7109375,0
2023-05-05,0,0,29534.384765625,0
2023-05-06,0,0,28904.623046875,0
2023-05-07,0,0,28454.978515625,0
2023-05-08,0,0,27694.2734375,0
2023-05-09,0,0,27658.775390625,0
2023-05-10,0,0,27621.755859375,0
2023-05-11,0,0,27000.7890625,0
2023-05-12,0,0,26804.990234375,0
2023-05-13,0,0,26784.078125,0
2023-05-14,0,0,26930.638671875,0
2023-05-15,0,0,27192.693359375,0
2023-05-16,0,0,27036.650390625,0
2023-05-17,0,0,27398.802734375,0
2023-05-18,0,0,26832.208984375,0
2023-05-19,0,0,26890.12890625,0
2023-05-20,0,0,27129.5859375,0
2023-05-21,0,0,26753.826171875,0
2023-05-22,0,0,26851.27734375,0
2023-05-23,0,0,27225.7265625,0
2023-05-24,0,0,26334.818359375,0
2023-05-25,0,0,26476.20703125,0
2023-05-26,0,0,26719.291015625,0
2023-05-27,0,0,26868.353515625,0
2023-05-28,0,0,28085.646484375,0
2023-05-29,1,1,27745.884765625,1
2023-05-30,1,1,27702.349609375,1
2023-05-31,-1,1,27219.658203125,0
2023-06-01,1,1,26819.97265625,1
2023-06-02,1,1,27249.58984375,1
2023-06-03,1,1,27075.12890625,1
2023-06-04,1,1,27119.06640625,1
2023-06-05,1,1,25760.09765625,1
2023-06-06,1,1,27238.783203125,1
2023-06-07,1,1,26345.998046875,1
2023-06-08,0,1,26508.216796875,0
2023-06-09,0,0,26480.375,0
2023-06-10,0,0,25851.240234375,0
2023-06-11,0,0,25940.16796875,0
2023-06-12,0,0,25902.5,0
2023-06-13,0,0,25918.728515625,0
2023-06-14,0,0,25124.67578125,0
2023-06-15,0,0,25576.39453125,0
2023-06-16,1,0,26327.462890625,0
2023-06-17,1,0,26510.67578125,0
2023-06-18,1,0,26336.212890625,0
2023-06-19,0,1,26851.029296875,0
2023-06-20,1,1,28327.48828125,1
2023-06-21,1,1,30027.296875,1
2023-06-22,1,1,29912.28125,1
2023-06-23,1,1,30695.46875,1
2023-06-24,1,1,30548.6953125,1
2023-06-25,1,1,30480.26171875,1
2023-06-26,1,1,30271.130859375,1
2023-06-27,1,1,30688.1640625,1
2023-06-28,1,1,30086.24609375,1
2023-06-29,1,1,30445.3515625,1
2023-06-30,1,1,30477.251953125,1
2023-07-01,1,1,30590.078125,1
2023-07-02,1,1,30620.76953125,1
2023-07-03,1,1,31156.439453125,1
2023-07-04,1,1,30777.58203125,1
2023-07-05,1,1,30514.166015625,1
2023-07-06,1,1,29909.337890625,1
2023-07-07,1,1,30342.265625,1
2023-07-08,1,1,30292.541015625,1
2023-07-09,0,0,30171.234375,0
2023-07-10,0,0,30414.470703125,0
2023-07-11,0,0,30620.951171875,0
2023-07-12,0,0,30391.646484375,0
2023-07-13,0,0,31476.048828125,0
2023-07-14,0,0,30334.068359375,0
2023-07-15,0,0,30295.806640625,0
2023-07-16,0,0,30249.1328125,0
2023-07-17,0,0,30145.888671875,0
2023-07-18,0,0,29856.5625,0
2023-07-19,0,0,29913.923828125,0
2023-07-20,0,0,29792.015625,0
2023-07-21,0,0,29908.744140625,0
2023-07-22,0,0,29771.802734375,0
2023-07-23,0,0,30084.5390625,0
2023-07-24,0,0,29176.916015625,0
2023-07-25,0,0,29227.390625,0
2023-07-26,0,0,29354.97265625,0
2023-07-27,0,0,29210.689453125,0
2023-07-28,1,0,29319.24609375,0
2023-07-29,0,0,29356.91796875,0
2023-07-30,0,0,29275.30859375,0
2023-07-31,0,0,29230.111328125,0
2023-08-01,0,0,29675.732421875,0
2023-08-02,0,0,29151.958984375,0
2023-08-03,0,0,29178.6796875,0
2023-08-04,0,0,29074.091796875,0
2023-08-05,0,0,29042.126953125,0
2023-08-06,0,0,29041.85546875,0
2023-08-07,0,0,29180.578125,0
2023-08-08,0,0,29765.4921875,0
2023-08-09,0,0,29561.494140625,0
2023-08-10,0,0,29429.591796875,0
2023-08-11,0,0,29397.71484375,0
2023-08-12,1,1,29415.96484375,1
2023-08-13,1,0,29282.9140625,0
2023-08-14,1,0,29408.443359375,0
2023-08-15,1,0,29170.34765625,0
2023-08-16,1,0,28701.779296875,0
2023-08-17,0,0,26664.55078125,0
2023-08-18,0,0,26049.556640625,0
2023-08-19,0,0,26096.205078125,0
2023-08-20,0,0,26189.583984375,0
2023-08-21,0,0,26124.140625,0
2023-08-22,0,0,26031.65625,0
2023-08-23,0,0,26431.640625,0
2023-08-24,0,0,26162.373046875,0
2023-08-25,0,0,26047.66796875,0
2023-08-26,0,0,26008.462890625,0
2023-08-27,0,0,26089.693359375,0
2023-08-28,0,0,26106.150390625,0
2023-08-29,0,0,27727.392578125,0
2023-08-30,0,0,27297.265625,0
2023-08-31,1,1,25931.47265625,1
2023-09-01,1,1,25800.724609375,1
2023-09-02,1,1,25868.798828125,1
2023-09-03,1,1,25969.56640625,1
2023-09-04,1,1,25812.416015625,1
2023-09-05,1,1,25779.982421875,1
2023-09-06,1,1,25753.236328125,1
2023-09-07,1,1,26240.1953125,1
2023-09-08,1,1,25905.654296875,1
2023-09-09,1,1,25895.677734375,1
2023-09-10,1,1,25832.2265625,1
2023-09-11,1,1,25162.654296875,1
2023-09-12,1,1,25833.34375,1
2023-09-13,1,1,26228.32421875,1
2023-09-14,1,1,26539.673828125,1
2023-09-15,1,1,26608.693359375,1
2023-09-16,0,1,26568.28125,0
2023-09-17,0,1,26534.1875,0
2023-09-18,0,1,26754.28125,0
2023-09-19,1,1,27211.1171875,1
2023-09-20,1,1,27132.0078125,1
2023-09-21,-1,1,26567.6328125,0
2023-09-22,-1,1,26579.568359375,0
2023-09-23,-1,1,26579.390625,0
2023-09-24,0,1,26256.826171875,0
2023-09-25,0,1,26298.48046875,0
2023-09-26,0,1,26217.25,0
2023-09-27,0,1,26352.716796875,0
2023-09-28,0,1,27021.546875,0
2023-09-29,0,1,26911.720703125,0
2023-09-30,1,1,26967.916015625,1
2023-10-01,1,1,27983.75,1
2023-10-02,1,1,27530.78515625,1
2023-10-03,1,1,27429.978515625,1
2023-10-04,1,1,27799.39453125,1
2023-10-05,1,1,27415.912109375,1
2023-10-06,1,1,27946.59765625,1
2023-10-07,1,1,27968.83984375,1
2023-10-08,1,1,27935.08984375,1
2023-10-09,1,1,27583.677734375,1
2023-10-10,1,1,27391.01953125,1
2023-10-11,1,1,26873.3203125,1
2023-10-12,1,1,26756.798828125,1
2023-10-13,0,0,26862.375,0
2023-10-14,0,0,26861.70703125,0
2023-10-15,0,0,27159.65234375,0
2023-10-16,0,0,28519.466796875,0
2023-10-17,1,1,28415.748046875,1
2023-10-18,1,1,28328.341796875,1
2023-10-19,1,1,28719.806640625,1
2023-10-20,1,1,29682.94921875,1
2023-10-21,1,1,29918.412109375,1
2023-10-22,1,1,29993.896484375,1
2023-10-23,1,1,33086.234375,1
2023-10-24,1,1,33901.52734375,1
2023-10-25,1,1,34502.8203125,1
2023-10-26,1,1,34156.6484375,1
2023-10-27,1,1,33909.80078125,1
2023-10-28,1,1,34089.57421875,1
2023-10-29,1,1,34538.48046875,1
2023-10-30,1,1,34502.36328125,1
2023-10-31,1,1,34667.78125,1
2023-11-01,1,1,35437.25390625,1
2023-11-02,1,1,34938.2421875,1
2023-11-03,1,1,34732.32421875,1
2023-11-04,1,1,35082.1953125,1
2023-11-05,1,1,35049.35546875,1
2023-11-06,1,1,35037.37109375,1
2023-11-07,1,1,35443.5625,1
2023-11-08,1,1,35655.27734375,1
2023-11-09,1,1,36693.125,1
2023-11-10,1,1,37313.96875,1
2023-11-11,1,1,37138.05078125,1
2023-11-12,1,1,37054.51953125,1
2023-11-13,1,1,36502.35546875,1
2023-11-14,0,0,35537.640625,0
2023-11-15,0,0,37880.58203125,0
2023-11-16,0,0,36154.76953125,0
2023-11-17,0,0,36596.68359375,0
2023-11-18,0,0,36585.703125,0
2023-11-19,0,0,37386.546875,0
2023-11-20,0,0,37476.95703125,0
2023-11-21,0,0,35813.8125,0
2023-11-22,0,0,37432.33984375,0
2023-11-23,0,0,37289.62109375,0
2023-11-24,0,0,37720.28125,0
2023-11-25,0,0,37796.79296875,0
2023-11-26,0,0,37479.12109375,0
2023-11-27,0,0,37254.16796875,0
2023-11-28,0,0,37831.0859375,0
2023-11-29,0,0,37858.4921875,0
2023-11-30,0,0,37712.74609375,0
2023-12-01,0,0,38688.75,0
2023-12-02,0,0,39476.33203125,0
2023-12-03,0,0,39978.390625,0
2023-12-04,0,0,41980.09765625,0
2023-12-05,1,1,44080.6484375,1
2023-12-06,1,1,43746.4453125,1
2023-12-07,1,1,43292.6640625,1
2023-12-08,1,1,44166.6015625,1
2023-12-09,1,1,43725.984375,1
2023-12-10,1,1,43779.69921875,1
2023-12-11,1,1,41243.83203125,1
2023-12-12,1,1,41450.22265625,1
2023-12-13,1,1,42890.7421875,1
2023-12-14,1,1,43023.97265625,1
2023-12-15,1,1,41929.7578125,1
2023-12-16,0,0,42240.1171875,0
2023-12-17,0,0,41364.6640625,0
2023-12-18,0,0,42623.5390625,0
2023-12-19,0,0,42270.52734375,0
2023-12-20,0,0,43652.25,0
2023-12-21,0,0,43869.15234375,0
2023-12-22,0,0,43997.90234375,0
2023-12-23,0,0,43739.54296875,0
2023-12-24,0,0,43016.1171875,0
2023-12-25,0,0,43613.140625,0
2023-12-26,0,0,42520.40234375,0
2023-12-27,0,0,43442.85546875,0
2023-12-28,0,0,42627.85546875,0
2023-12-29,0,0,42099.40234375,0
2023-12-30,0,0,42156.90234375,0
2023-12-31,0,0,42265.1875,0
2024-01-01,0,0,44167.33203125,0
2024-01-02,0,0,44957.96875,0
2024-01-03,0,0,42848.17578125,0
2024-01-04,0,0,44179.921875,0
2024-01-05,0,0,44162.69140625,0
2024-01-06,0,0,43989.1953125,0
2024-01-07,0,0,43943.09765625,0
2024-01-08,0,0,46970.50390625,0
2024-01-09,-1,1,46139.73046875,0
2024-01-10,1,1,46627.77734375,1
2024-01-11,1,1,46368.5859375,1
2024-01-12,0,1,42853.16796875,0
2024-01-13,0,0,42842.3828125,0
2024-01-14,0,0,41796.26953125,0
2024-01-15,0,0,42511.96875,0
2024-01-16,0,0,43154.9453125,0
2024-01-17,0,0,42742.65234375,0
2024-01-18,0,0,41262.05859375,0
2024-01-19,0,0,41618.40625,0
2024-01-20,0,0,41665.5859375,0
2024-01-21,0,0,41545.78515625,0
2024-01-22,0,0,39507.3671875,0
2024-01-23,0,0,39845.55078125,0
2024-01-24,0,0,40077.07421875,0
2024-01-25,0,0,39933.80859375,0
2024-01-26,0,0,41816.87109375,0
2024-01-27,0,0,42120.0546875,0
2024-01-28,0,0,42035.59375,0
2024-01-29,0,0,43288.24609375,0
2024-01-30,0,0,42952.609375,0
2024-01-31,0,1,42582.60546875,0
2024-02-01,0,1,43075.7734375,0
2024-02-02,0,1,43185.859375,0
2024-02-03,0,1,42992.25,0
2024-02-04,0,1,42583.58203125,0
2024-02-05,0,1,42658.66796875,0
2024-02-06,0,1,43084.671875,0
2024-02-07,1,1,44318.22265625,1
2024-02-08,-1,1,45301.56640625,0
2024-02-09,-1,1,47147.19921875,0
2024-02-10,-1,1,47771.27734375,0
2024-02-11,1,1,48293.91796875,1
2024-02-12,1,1,49958.22265625,1
2024-02-13,1,1,49742.44140625,1
2024-02-14,1,1,51826.6953125,1
2024-02-15,1,1,51938.5546875,1
2024-02-16,1,1,52160.203125,1
2024-02-17,1,1,51662.99609375,1
2024-02-18,1,1,52122.546875,1
2024-02-19,1,1,51779.14453125,1
2024-02-20,1,1,52284.875,1
2024-02-21,1,1,51839.1796875,1
2024-02-22,1,1,51304.97265625,1
2024-02-23,1,1,50731.94921875,1
2024-02-24,1,1,51571.1015625,1
2024-02-25,1,1,51733.23828125,1
2024-02-26,1,1,54522.40234375,1
2024-02-27,1,1,57085.37109375,1
2024-02-28,1,1,62504.7890625,1
2024-02-29,1,1,61198.3828125,1
2024-03-01,1,1,62440.6328125,1
2024-03-02,1,1,62029.84765625,1
2024-03-03,1,1,63167.37109375,1
2024-03-04,1,1,68330.4140625,1
2024-03-05,1,1,63801.19921875,1
2024-03-06,1,1,66106.8046875,1
2024-03-07,1,1,66925.484375,1
2024-03-08,1,1,68300.09375,1
2024-03-09,1,1,68498.8828125,1
2024-03-10,1,1,69019.7890625,1
2024-03-11,1,1,72123.90625,1
2024-03-12,1,1,71481.2890625,1
2024-03-13,1,1,73083.5,1
2024-03-14,1,1,71396.59375,1
2024-03-15,1,1,69403.7734375,1
2024-03-16,1,1,65315.1171875,1
2024-03-17,0,0,68390.625,0
2024-03-18,0,0,67548.59375,0
2024-03-19,0,0,61912.7734375,0
2024-03-20,0,0,67913.671875,0
2024-03-21,0,0,65491.390625,0
2024-03-22,0,0,63778.76171875,0
2024-03-23,0,0,64062.203125,0
2024-03-24,0,0,67234.171875,0
2024-03-25,0,0,69958.8125,0
2024-03-26,0,0,69987.8359375,0
2024-03-27,0,0,69455.34375,0
2024-03-28,0,0,70744.953125,0
2024-03-29,0,0,69892.828125,0
2024-03-30,0,0,69645.3046875,0
2024-03-31,0,0,71333.6484375,0
2024-04-01,0,0,69702.1484375,0
2024-04-02,0,0,65446.97265625,0
2024-04-03,0,0,65980.8125,0
2024-04-04,0,0,68508.84375,0
2024-04-05,0,0,67837.640625,0
2024-04-06,0,0,68896.109375,0
2024-04-07,0,0,69362.5546875,0
2024-04-08,0,0,71631.359375,0
2024-04-09,0,0,69139.015625,0
2024-04-10,0,0,70587.8828125,0
2024-04-11,0,0,70060.609375,0
2024-04-12,0,0,67195.8671875,0
2024-04-13,0,0,63821.47265625,0
2024-04-14,1,0,65738.7265625,0
2024-04-15,1,0,63426.2109375,0
2024-04-16,1,0,63811.86328125,0
2024-04-17,0,0,61276.69140625,0
2024-04-18,1,0,63512.75390625,0
2024-04-19,1,0,63843.5703125,0
2024-04-20,1,0,64994.44140625,0
2024-04-21,1,0,64926.64453125,0
2024-04-22,0,0,66837.6796875,0
2024-04-23,0,0,66407.2734375,0
2024-04-24,0,0,64276.8984375,0
2024-04-25,0,0,64481.70703125,0
2024-04-26,0,0,63755.3203125,0
2024-04-27,0,0,63419.140625,0
2024-04-28,0,0,63113.23046875,0
2024-04-29,0,0,63841.12109375,0
2024-04-30,0,0,60636.85546875,0
2024-05-01,0,0,58254.01171875,0
2024-05-02,0,0,59123.43359375,0
2024-05-03,1,0,62889.8359375,0
2024-05-04,0,0,63891.47265625,0
2024-05-05,0,0,64031.1328125,0
2024-05-06,0,0,63161.94921875,0
2024-05-07,0,0,62334.81640625,0
2024-05-08,1,1,61187.94140625,1
2024-05-09,0,0,63049.9609375,0
2024-05-10,1,1,60792.77734375,1
2024-05-11,1,1,60793.7109375,1
2024-05-12,0,0,61448.39453125,0
2024-05-13,0,0,62901.44921875,0
2024-05-14,1,1,61552.7890625,1
2024-05-15,-1,1,66267.4921875,0
2024-05-16,-1,1,65231.58203125,0
2024-05-17,1,1,67051.875,1
2024-05-18,-1,1,66940.8046875,0
2024-05-19,-1,1,66278.3671875,0
2024-05-20,1,1,71448.1953125,1
2024-05-21,1,1,70136.53125,1
2024-05-22,-1,1,69122.3359375,0
2024-05-23,-1,1,67929.5625,0
2024-05-24,1,1,68526.1015625,1
2024-05-25,1,1,69265.9453125,1
2024-05-26,1,1,68518.09375,1
2024-05-27,1,1,69394.5546875,1
2024-05-28,1,1,68296.21875,1
2024-05-29,-1,1,67578.09375,0
2024-05-30,1,1,68364.9921875,1
2024-05-31,1,1,67491.4140625,1
2024-06-01,1,1,67706.9375,1
2024-06-02,1,1,67751.6015625,1
2024-06-03,0,0,68804.78125,0
2024-06-04,0,0,70567.765625,0
2024-06-05,1,1,71082.8203125,1
2024-06-06,1,1,70757.1640625,1
2024-06-07,1,1,69342.5859375,1
2024-06-08,1,1,69305.7734375,1
2024-06-09,1,1,69647.9921875,1
2024-06-10,0,0,69512.28125,0
2024-06-11,0,0,67332.03125,0
2024-06-12,0,0,68241.1875,0
2024-06-13,0,0,66756.3984375,0
2024-06-14,0,0,66011.09375,0
2024-06-15,0,0,66191.0,0
2024-06-16,0,0,66639.046875,0
2024-06-17,0,0,66490.296875,0
2024-06-18,0,0,65140.74609375,0
2024-06-19,0,0,64960.296875,0
2024-06-20,0,0,64828.65625,0
2024-06-21,0,0,64096.19921875,0
2024-06-22,0,0,64252.578125,0
2024-06-23,0,0,63180.796875,0
2024-06-24,0,0,60277.4140625,0
2024-06-25,0,0,61804.640625,0
2024-06-26,0,0,60811.27734375,0
2024-06-27,0,0,61604.80078125,0
2024-06-28,0,0,60320.13671875,0
2024-06-29,0,0,60887.37890625,0
2024-06-30,0,0,62678.29296875,0
2024-07-01,0,0,62851.98046875,0
2024-07-02,0,0,62029.015625,0
2024-07-03,0,0,60173.921875,0
2024-07-04,0,0,56977.703125,0
2024-07-05,0,0,56662.375,0
2024-07-06,0,0,58303.5390625,0
2024-07-07,0,0,55849.109375,0
2024-07-08,0,0,56705.09765625,0
2024-07-09,0,0,58009.2265625,0
2024-07-10,0,0,57742.49609375,0
2024-07-11,0,0,57344.9140625,0
2024-07-12,0,0,57899.46484375,0
2024-07-13,0,0,59231.953125,0
2024-07-14,1,0,60787.79296875,0
2024-07-15,-1,1,64870.15234375,0
2024-07-16,-1,1,65097.1484375,0
2024-07-17,-1,1,64118.79296875,0
2024-07-18,-1,1,63974.06640625,0
2024-07-19,-1,1,66710.15625,0
2024-07-20,-1,1,67163.6484375,0
2024-07-21,1,1,68154.5234375,1
2024-07-22,-1,1,67585.25,0
2024-07-23,-1,1,65927.671875,0
2024-07-24,1,1,65372.1328125,1
2024-07-25,1,1,65777.2265625,1
2024-07-26,1,1,67912.0625,1
2024-07-27,1,1,67813.3359375,1
2024-07-28,1,1,68255.8671875,1
2024-07-29,1,1,66819.9140625,1
2024-07-30,1,1,66201.015625,1
2024-07-31,0,1,64619.25,0
2024-08-01,0,1,65357.5,0
2024-08-02,1,1,61415.06640625,1
2024-08-03,0,0,60680.09375,0
2024-08-04,1,0,58116.9765625,0
2024-08-05,0,0,53991.45703125,0
2024-08-06,1,0,56034.31640625,0
2024-08-07,1,0,55027.4609375,0
2024-08-08,1,0,61710.13671875,0
2024-08-09,1,0,60880.11328125,0
2024-08-10,1,0,60945.8125,0
2024-08-11,1,0,58719.484375,0
2024-08-12,1,0,59354.515625,0
2024-08-13,1,0,60609.56640625,0
2024-08-14,0,0,58737.26953125,0
2024-08-15,0,0,57560.09765625,0
2024-08-16,0,0,58894.10546875,0
2024-08-17,1,0,59478.97265625,0
2024-08-18,0,0,58483.96484375,0
2024-08-19,0,0,59493.453125,0
2024-08-20,0,0,59012.79296875,0
2024-08-21,0,0,61175.19140625,0
2024-08-22,1,1,60381.9140625,1
2024-08-23,-1,1,64094.35546875,0
2024-08-24,-1,1,64178.9921875,0
2024-08-25,-1,1,64333.54296875,0
2024-08-26,1,1,62880.66015625,1
2024-08-27,1,1,59504.1328125,1
2024-08-28,1,1,59027.625,1
2024-08-29,1,1,59388.1796875,1
2024-08-30,1,1,59119.4765625,1
2024-08-31,1,1,58969.8984375,1
2024-09-01,0,0,57325.48828125,0
2024-09-02,0,0,59112.48046875,0
2024-09-03,0,0,57431.0234375,0
2024-09-04,0,0,57971.5390625,0
2024-09-05,0,0,56160.48828125,0
2024-09-06,1,0,53948.75390625,0
2024-09-07,0,0,54139.6875,0
2024-09-08,0,0,54841.56640625,0
2024-09-09,0,0,57019.53515625,0
2024-09-10,1,0,57648.7109375,0
2024-09-11,1,0,57343.171875,0
2024-09-12,1,0,58127.01171875,0
2024-09-13,0,0,60571.30078125,0
2024-09-14,0,1,60005.12109375,0
2024-09-15,0,1,59182.8359375,0
2024-09-16,0,1,58192.5078125,0
2024-09-17,0,1,60308.5390625,0
2024-09-18,0,1,61649.6796875,0
2024-09-19,1,1,62940.45703125,1
2024-09-20,-1,1,63192.9765625,0
2024-09-21,-1,1,63394.83984375,0
2024-09-22,-1,1,63648.7109375,0
2024-09-23,-1,1,63329.80078125,0
2024-09-24,-1,1,64301.96875,0
2024-09-25,-1,1,63143.14453125,0
2024-09-26,1,1,65181.01953125,1
2024-09-27,1,1,65790.6640625,1
2024-09-28,1,1,65887.6484375,1
2024-09-29,1,1,65635.3046875,1
2024-09-30,1,1,63329.5,1
2024-10-01,1,1,60837.0078125,1
2024-10-02,0,1,60632.78515625,0
2024-10-03,0,0,60759.40234375,0
2024-10-04,0,0,62067.4765625,0
2024-10-05,0,0,62089.94921875,0
2024-10-06,0,0,62818.953125,0
2024-10-07,0,0,62236.66015625,0
2024-10-08,0,0,62131.96875,0
2024-10-09,0,0,60582.1015625,0
2024-10-10,0,0,60274.5,0
2024-10-11,0,0,62445.08984375,0
2024-10-12,0,0,63193.0234375,0
2024-10-13,0,0,62851.375,0
2024-10-14,0,0,66046.125,0
2024-10-15,1,1,67041.109375,1
2024-10-16,1,1,67612.71875,1
2024-10-17,1,1,67399.8359375,1
2024-10-18,1,1,68418.7890625,1
2024-10-19,1,1,68362.734375,1
2024-10-20,1,1,69001.703125,1
2024-10-21,1,1,67367.8515625,1
2024-10-22,1,1,67361.40625,1
2024-10-23,1,1,66432.1953125,1
2024-10-24,1,1,68161.0546875,1
2024-10-25,1,1,66642.4140625,1
2024-10-26,0,1,67014.6953125,0
2024-10-27,0,1,67929.296875,0
2024-10-28,1,1,69907.7578125,1
2024-10-29,1,1,72720.4921875,1
2024-10-30,1,1,72339.5390625,1
2024-10-31,1,1,70215.1875,1
2024-11-01,1,1,69482.46875,1
2024-11-02,1,1,69289.2734375,1
2024-11-03,1,1,68741.1171875,1
2024-11-04,0,0,67811.5078125,0
2024-11-05,0,0,69359.5625,0
2024-11-06,0,0,75639.078125,0
2024-11-07,1,1,75904.859375,1
2024-11-08,1,1,76545.4765625,1
2024-11-09,1,1,76778.8671875,1
2024-11-10,1,1,80474.1875,1
2024-11-11,1,1,88701.484375,1
2024-11-12,1,1,87955.8125,1
2024-11-13,1,1,90584.1640625,1
2024-11-14,1,1,87250.4296875,1
2024-11-15,1,1,91066.0078125,1
2024-11-16,1,1,90558.4765625,1
2024-11-17,1,1,89845.8515625,1
2024-11-18,1,1,90542.640625,1
2024-11-19,1,1,92343.7890625,1
2024-11-20,1,1,94339.4921875,1
2024-11-21,1,1,98504.7265625,1
2024-11-22,1,1,98997.6640625,1
2024-11-23,1,1,97777.28125,1
2024-11-24,1,1,98013.8203125,1
2024-11-25,1,1,93102.296875,1
2024-11-26,1,1,91985.3203125,1
2024-11-27,1,1,95962.53125,1
2024-11-28,0,0,95652.46875,0
2024-11-29,0,0,97461.5234375,0
2024-11-30,0,0,96449.0546875,0
2024-12-01,0,0,97279.7890625,0
2024-12-02,0,0,95865.3046875,0
2024-12-03,0,0,96002.1640625,0
2024-12-04,0,0,98768.53125,0
2024-12-05,0,0,96593.5703125,0
2024-12-06,0,0,99920.7109375,0
2024-12-07,0,0,99923.3359375,0
2024-12-08,0,0,101236.015625,0
2024-12-09,0,0,97432.71875,0
2024-12-10,0,0,96675.4296875,0
2024-12-11,0,0,101173.03125,0
2024-12-12,0,0,100043.0,0
2024-12-13,0,0,101459.2578125,0
2024-12-14,0,0,101372.96875,0
2024-12-15,0,0,104298.6953125,0
2024-12-16,0,0,106029.71875,0
2024-12-17,0,0,106140.6015625,0
2024-12-18,0,0,100041.5390625,0
2024-12-19,0,0,97490.953125,0
2024-12-20,0,0,97755.9296875,0
2024-12-21,0,0,97224.7265625,0
2024-12-22,0,0,95104.9375,0
2024-12-23,0,0,94686.2421875,0
2024-12-24,0,0,98676.09375,0
2024-12-25,0,0,99299.1953125,0
2024-12-26,0,0,95795.515625,0
2024-12-27,0,0,94164.859375,0
2024-12-28,0,0,95163.9296875,0
2024-12-29,0,0,93530.2265625,0
2024-12-30,0,0,92643.2109375,0
2024-12-31,0,0,93429.203125,0
2025-01-01,0,0,94419.7578125,0
2025-01-02,0,0,96886.875,0
2025-01-03,0,0,98107.4296875,0
2025-01-04,0,0,98236.2265625,0
2025-01-05,0,0,98314.9609375,0
2025-01-06,-1,0,102078.0859375,0
2025-01-07,-1,1,96922.703125,0
2025-01-08,0,0,95043.5234375,0
2025-01-09,0,0,92484.0390625,0
2025-01-10,0,0,94701.453125,0
2025-01-11,0,0,94566.59375,0
2025-01-12,0,0,94488.4375,0
2025-01-13,0,0,94516.5234375,0
2025-01-14,0,0,96534.046875,0
2025-01-15,0,0,100504.4921875,0
2025-01-16,1,1,99756.90625,1
2025-01-17,-1,1,104462.0390625,0
2025-01-18,1,1,104408.0703125,1
2025-01-19,-1,1,101089.609375,0
2025-01-20,-1,1,102016.6640625,0
2025-01-21,1,1,106146.265625,1
2025-01-22,1,1,103653.0703125,1
2025-01-23,-1,1,103960.171875,0
2025-01-24,1,1,104819.484375,1
2025-01-25,1,1,104714.6484375,1
2025-01-26,1,1,102682.5,1
2025-01-27,1,1,102087.6875,1
2025-01-28,1,1,101332.4765625,1
2025-01-29,1,1,103703.2109375,1
2025-01-30,1,1,104735.3046875,1
2025-01-31,1,1,102405.0234375,1
2025-02-01,0,1,100655.90625,0
2025-02-02,0,0,97688.9765625,0
2025-02-03,0,0,101405.421875,0
2025-02-04,0,0,97871.8203125,0
2025-02-05,1,0,96615.4453125,0
2025-02-06,1,0,96593.296875,0
2025-02-07,1,0,96529.0859375,0
2025-02-08,1,0,96482.453125,0
2025-02-09,1,0,96500.09375,0
2025-02-10,1,0,97437.5546875,0
2025-02-11,1,0,95747.4296875,0
2025-02-12,1,0,97885.859375,0
2025-02-13,1,0,96623.8671875,0
2025-02-14,1,0,97508.96875,0
2025-02-15,1,0,97580.3515625,0
2025-02-16,0,0,96175.03125,0
2025-02-17,0,0,95773.3828125,0
2025-02-18,0,0,95539.546875,0
2025-02-19,0,0,96635.609375,0
2025-02-20,0,0,98333.9375,0
2025-02-21,0,0,96125.546875,0
2025-02-22,0,0,96577.7578125,0
2025-02-23,0,0,96273.921875,0
2025-02-24,0,0,91418.171875,0
2025-02-25,0,0,88736.171875,0
2025-02-26,0,0,84347.0234375,0
2025-02-27,0,0,84704.2265625,0
2025-02-28,0,0,84373.0078125,0
2025-03-01,0,0,86031.9140625,0
2025-03-02,0,0,94248.3515625,0
2025-03-03,0,0,86065.671875,0
2025-03-04,0,0,87222.1953125,0
2025-03-05,0,0,90623.5625,0
2025-03-06,0,0,89961.7265625,0
2025-03-07,0,0,86742.671875,0
2025-03-08,0,0,86154.59375,0
2025-03-09,0,0,80601.0390625,0
2025-03-10,0,0,78532.0,0
2025-03-11,0,0,82862.2109375,0
2025-03-12,0,0,83722.359375,0
2025-03-13,0,0,81066.703125,0
2025-03-14,0,0,83969.1015625,0
2025-03-15,0,0,84343.109375,0
2025-03-16,0,0,82579.6875,0
2025-03-17,0,0,84075.6875,0
2025-03-18,1,1,82718.5,1
2025-03-19,1,1,86854.2265625,1
2025-03-20,1,1,84167.1953125,1
2025-03-21,1,1,84043.2421875,1
2025-03-22,1,1,83832.484375,1
2025-03-23,1,1,86054.375,1
2025-03-24,1,1,87498.9140625,1
2025-03-25,1,1,87471.703125,1
2025-03-26,0,1,86900.8828125,0
2025-03-27,0,1,87177.1015625,0
2025-03-28,0,1,84353.1484375,0
2025-03-29,0,1,82597.5859375,0
2025-03-30,0,1,82334.5234375,0
2025-03-31,0,1,82548.9140625,0
2025-04-01,1,1,85169.171875,1
2025-04-02,0,1,82485.7109375,0
2025-04-03,0,1,83102.828125,0
2025-04-04,1,1,83843.8046875,1
2025-04-05,1,1,83504.796875,1
2025-04-06,1,1,78214.484375,1
2025-04-07,0,0,79235.3359375,0
2025-04-08,1,0,76271.953125,0
2025-04-09,1,0,82573.953125,0
2025-04-10,1,0,79626.140625,0
2025-04-11,0,0,83404.8359375,0
2025-04-12,0,0,85287.109375,0
2025-04-13,0,1,83684.9765625,0
2025-04-14,0,1,84542.390625,0
2025-04-15,0,1,83668.9921875,0
2025-04-16,0,1,84033.8671875,0
2025-04-17,0,1,84895.75,0
2025-04-18,0,1,84450.8046875,0
2025-04-19,0,1,85063.4140625,0
2025-04-20,0,1,85174.3046875,0
2025-04-21,0,1,87518.90625,0
2025-04-22,1,1,93441.890625,1
2025-04-23,1,1,93699.109375,1
2025-04-24,1,1,93943.796875,1
2025-04-25,1,1,94720.5,1
2025-04-26,1,1,94646.9296875,1
2025-04-27,1,1,93754.84375,1
2025-04-28,1,1,94978.75,1
2025-04-29,1,1,94284.7890625,1
2025-04-30,1,1,94207.3125,1
2025-05-01,1,1,96492.3359375,1
2025-05-02,1,1,96910.0703125,1
2025-05-03,1,1,95891.796875,1
2025-05-04,1,1,94315.9765625,1
2025-05-05,1,1,94748.0546875,1
2025-05-06,1,1,96802.4765625,1
2025-05-07,1,1,97032.3203125,1
2025-05-08,1,1,103241.4609375,1
2025-05-09,1,1,102970.8515625,1
2025-05-10,1,1,104696.328125,1
2025-05-11,1,1,104106.359375,1
2025-05-12,1,1,102812.953125,1
2025-05-13,1,1,104169.8125,1
2025-05-14,1,1,103539.4140625,1
2025-05-15,1,1,103744.640625,1
2025-05-16,1,1,103489.2890625,1
2025-05-17,1,1,103191.0859375,1
2025-05-18,1,1,106446.0078125,1
2025-05-19,1,1,105606.1796875,1
2025-05-20,1,1,106791.0859375,1
2025-05-21,1,1,109678.078125,1
2025-05-22,1,1,111673.28125,1
2025-05-23,1,1,107287.796875,1
2025-05-24,1,1,107791.15625,1
2025-05-25,1,1,109035.390625,1
2025-05-26,1,1,109440.3671875,1
2025-05-27,0,0,108994.640625,0
2025-05-28,0,0,107802.328125,0
2025-05-29,0,0,105641.7578125,0
2025-05-30,0,0,103998.5703125,0
2025-05-31,0,0,104638.09375,0
2025-06-01,0,0,105652.1015625,0
2025-06-02,0,0,105881.53125,0
2025-06-03,0,0,105432.46875,0
2025-06-04,0,0,104731.984375,0
2025-06-05,0,0,101575.953125,0
2025-06-06,0,0,104390.34375,0
2025-06-07,1,0,105615.625,0
2025-06-08,1,0,105793.6484375,0
2025-06-09,0,0,110294.1015625,0
2025-06-10,0,0,110257.234375,0
2025-06-11,0,0,108686.625,0
2025-06-12,0,0,105929.0546875,0
2025-06-13,0,0,106090.96875,0
2025-06-14,0,0,105472.40625,0
2025-06-15,0,0,105552.0234375,0
2025-06-16,0,0,106796.7578125,0
2025-06-17,0,0,104601.1171875,0
2025-06-18,0,0,104883.328125,0
2025-06-19,0,0,104684.2890625,0
2025-06-20,0,0,103309.6015625,0
2025-06-21,0,0,102257.40625,0
2025-06-22,0,0,100987.140625,0
2025-06-23,0,0,105577.7734375,0
2025-06-24,0,0,106045.6328125,0
2025-06-25,0,0,107361.2578125,0
2025-06-26,0,0,106960.0,0
2025-06-27,0,0,107088.4296875,0
2025-06-28,0,0,107327.703125,0
2025-06-29,1,1,108385.5703125,1
2025-06-30,0,1,107135.3359375,0
2025-07-01,0,1,105698.28125,0
2025-07-02,0,1,108859.3203125,0
2025-07-03,1,1,109647.9765625,1
2025-07-04,0,1,108034.3359375,0
2025-07-05,1,1,108231.1796875,1
2025-07-06,1,1,109232.0703125,1
2025-07-07,0,1,108299.8515625,0
2025-07-08,0,1,108950.2734375,0
2025-07-09,0,1,111326.5546875,0
2025-07-10,1,1,115987.203125,1
2025-07-11,1,1,117516.9921875,1
2025-07-12,1,1,117435.2265625,1
2025-07-13,1,1,119116.1171875,1
2025-07-14,1,1,119849.703125,1
2025-07-15,1,1,117777.1875,1
2025-07-16,1,1,118738.5078125,1
2025-07-17,1,1,119289.84375,1
2025-07-18,1,1,118003.2265625,1
2025-07-19,1,1,117939.9765625,1
2025-07-20,1,1,117300.7890625,1
2025-07-21,1,1,117439.5390625,1
2025-07-22,1,1,119995.4140625,1
2025-07-23,1,1,118754.9609375,1
2025-07-24,1,1,118368.0,1
2025-07-25,1,1,117635.8828125,1
2025-07-26,0,0,117947.3671875,0
2025-07-27,0,0,119448.4921875,0
2025-07-28,0,0,117924.4765625,0
2025-07-29,0,0,117922.1484375,0
2025-07-30,0,0,117831.1875,0
2025-07-31,0,0,115758.203125,0
2025-08-01,0,0,113320.0859375,0
2025-08-02,1,0,112526.9140625,0
2025-08-03,0,0,114217.671875,0
2025-08-04,0,0,115071.8828125,0
2025-08-05,0,0,114141.4453125,0
2025-08-06,0,0,115028.0,0
2025-08-07,0,0,117496.8984375,0
2025-08-08,0,0,116688.7265625,0
2025-08-09,0,0,116500.359375,0
2025-08-10,0,0,119306.7578125,0
2025-08-11,0,0,118731.4453125,0
2025-08-12,0,0,120172.90625,0
2025-08-13,-1,1,123344.0625,0
2025-08-14,-1,1,118359.578125,0
2025-08-15,-1,1,117398.3515625,0
2025-08-16,-1,1,117491.3515625,0
2025-08-17,-1,0,117453.0625,0
2025-08-18,0,0,116252.3125,0
2025-08-19,0,0,112831.1796875,0
2025-08-20,0,0,114274.7421875,0
2025-08-21,0,0,112419.03125,0
2025-08-22,0,0,116874.0859375,0
2025-08-23,0,0,115374.328125,0
2025-08-24,0,0,113458.4296875,0
2025-08-25,0,0,110124.3515625,0
2025-08-26,0,0,111802.65625,0
2025-08-27,0,0,111222.0625,0
2025-08-28,0,0,112544.8046875,0
2025-08-29,0,0,108410.8359375,0
2025-08-30,0,0,108808.0703125,0
2025-08-31,0,0,108236.7109375,0
2025-09-01,1,0,109250.59375,0
2025-09-02,1,0,111200.5859375,0
2025-09-03,1,0,111723.2109375,0
2025-09-04,1,0,110723.6015625,0
2025-09-05,1,0,110650.984375,0
2025-09-06,0,0,110224.6953125,0
2025-09-07,0,0,111167.6171875,0
2025-09-08,0,0,112071.4296875,0
2025-09-09,1,1,111530.546875,1
2025-09-10,0,1,113955.359375,0
2025-09-11,-1,1,115507.5390625,0
2025-09-12,1,1,116101.578125,1
2025-09-13,-1,1,115950.5078125,0
2025-09-14,-1,1,115407.65625,0
2025-09-15,-1,1,115444.875,0
2025-09-16,-1,1,116843.1875,0
2025-09-17,-1,1,116468.5078125,0
2025-09-18,1,1,117137.203125,1
2025-09-19,-1,1,115688.859375,0
2025-09-20,-1,1,115721.9609375,0
2025-09-21,-1,1,115306.09375,0
2025-09-22,0,1,112748.5078125,0
2025-09-23,0,1,112014.5,0
2025-09-24,1,1,113328.6328125,1
2025-09-25,1,0,109049.2890625,0
2025-09-26,1,0,109712.828125,0
2025-09-27,1,0,109681.9453125,0
2025-09-28,0,0,112122.640625,0
2025-09-29,0,0,114400.3828125,0
2025-09-30,0,0,114056.0859375,0
2025-10-01,0,0,118648.9296875,0
2025-10-02,1,1,120681.2578125,1
2025-10-03,1,1,122266.53125,1
2025-10-04,1,1,122425.4296875,1
2025-10-05,1,1,123513.4765625,1
2025-10-06,1,1,124752.53125,1
2025-10-07,1,1,121451.3828125,1
2025-10-08,1,1,123354.8671875,1
2025-10-09,1,1,121705.5859375,1
2025-10-10,0,1,113214.3671875,0
2025-10-11,0,1,110807.8828125,0
2025-10-12,0,0,115169.765625,0
2025-10-13,0,0,115271.078125,0
2025-10-14,0,0,113118.6640625,0
2025-10-15,0,0,110783.1640625,0
2025-10-16,0,0,108186.0390625,0
2025-10-17,0,0,106467.7890625,0
2025-10-18,0,0,107198.265625,0
2025-10-19,0,0,108666.7109375,0
2025-10-20,0,0,110588.9296875,0
2025-10-21,0,0,108476.890625,0
2025-10-22,0,0,107688.5859375,0
2025-10-23,0,0,110069.7265625,0
2025-10-24,0,0,111033.921875,0
2025-10-25,0,0,111641.7265625,0
2025-10-26,0,0,114472.4453125,0
2025-10-27,0,0,114119.328125,0
2025-10-28,0,1,112956.1640625,0
2025-10-29,0,1,110055.3046875,0
2025-10-30,0,1,108305.546875,0
2025-10-31,0,0,109556.1640625,0
2025-11-01,0,0,110064.015625,0
2025-11-02,0,0,110639.625,0
2025-11-03,1,1,106547.5234375,1
2025-11-04,0,0,101590.5234375,0
2025-11-05,0,0,103891.8359375,0
2025-11-06,0,0,101301.2890625,0
2025-11-07,0,0,103372.40625,0
2025-11-08,0,0,102282.1171875,0
2025-11-09,0,0,104719.640625,0
2025-11-10,1,0,105996.59375,0
2025-11-11,0,0,102997.46875,0
2025-11-12,0,0,101663.1875,0
2025-11-13,0,0,99697.4921875,0
2025-11-14,0,0,94397.7890625,0
2025-11-15,0,0,95549.1484375,0
2025-11-16,0,0,94177.078125,0
2025-11-17,0,0,92093.875,0
2025-11-18,0,0,92948.875,0
2025-11-19,0,0,91465.9921875,0
2025-11-20,0,0,86631.8984375,0
2025-11-21,0,0,85090.6875,0
2025-11-22,0,0,84648.359375,0
2025-11-23,0,0,86805.0078125,0
2025-11-24,0,0,88270.5625,0
2025-11-25,0,0,87341.890625,0
2025-11-26,0,0,90518.3671875,0
2025-11-27,0,0,91285.375,0
2025-11-28,0,0,90919.265625,0
2025-11-29,1,1,90851.7578125,1
2025-11-30,1,1,90394.3125,1
2025-12-01,1,1,86321.5703125,1
2025-12-02,1,1,91350.203125,1
2025-12-03,1,1,93527.8046875,1
2025-12-04,1,1,92141.625,1
2025-12-05,1,1,89387.7578125,1
2025-12-06,1,1,89272.375,1
2025-12-07,1,1,90405.640625,1
2025-12-08,1,1,90640.203125,1
2025-12-09,1,1,92691.7109375,1
2025-12-10,1,1,92020.9453125,1
2025-12-11,1,1,92511.3359375,1
2025-12-12,1,1,90270.4140625,1
2025-12-13,1,1,90298.7109375,1
2025-12-14,1,1,88175.1796875,1
2025-12-15,1,1,86419.78125,1
2025-12-16,1,1,87843.984375,1
2025-12-17,1,1,86143.7578125,1
2025-12-18,1,1,85462.5078125,1
2025-12-19,1,1,88103.3828125,1
2025-12-20,1,1,88344.0,1
2025-12-21,1,1,88621.75,1
2025-12-22,1,1,88490.015625,1
2025-12-23,1,1,87414.0,1
2025-12-24,1,1,87611.9609375,1
2025-12-25,1,1,87234.7421875,1
2025-12-26,1,1,87301.4296875,1
2025-12-27,1,1,87802.15625,1
2025-12-28,1,1,87835.8359375,1
2025-12-29,1,1,87138.140625,1
2025-12-30,0,1,88430.1328125,0
